Protocollo;Gruppo;DataOraIncidente;Localizzazione1;STRADA1;Localizzazione2;STRADA2;Strada02;Chilometrica;DaSpecificare;NaturaIncidente;particolaritastrade;TipoStrada;FondoStradale;Pavimentazione;Segnaletica;CondizioneAtmosferica;Traffico;Visibilita;Illuminazione;NUM_FERITI;NUM_RISERVATA;NUM_MORTI;NUM_ILLESI;Longitude;Latitude;Confermato;Progressivo;TipoVeicolo;StatoVeicolo;TipoPersona;Sesso;Tipolesione;Deceduto;DecedutoDopo;CinturaCascoUtilizzato;Airbag
4740844;13;07/01/2020 11:00;Strada Urbana;VIA FRANCESCO CILEA;all'intersezione con;VIA MAURICE RAVEL;VIA MAURICE RAVEL;;;Scontro frontale/laterale DX fra veicoli in marcia;Incrocio;Due carreggiate;Asciutto;Asfaltata;Orizzontale;Sereno;Normale;Buona;Ore Diurne;0;0;0;3;123.752;417.448;-1;2;Autovettura privata;In marcia / fermata / arresto;Passeggero;F;Illeso;0;;Non accertato;Inesploso
4740858;13;08/01/2020 08:20;Strada Urbana;VIA ERMANNO WOLF FERRARI;all'intersezione con;VIA CRISTOFORO COLOMBO;VIA CRISTOFORO COLOMBO;;;Scontro laterale fra veicoli in marcia;Incrocio;Più di due carreggiate;Asciutto;Asfaltata;Verticale ed orizzontale;Sereno;Normale;Buona;Ore Diurne;0;0;0;2;123.779;417.482;-1;1;Autovettura privata;In marcia / fermata / arresto;Conducente;M;Illeso;0;;Non accertato;Inesploso
4740858;13;08/01/2020 08:20;Strada Urbana;VIA ERMANNO WOLF FERRARI;all'intersezione con;VIA CRISTOFORO COLOMBO;VIA CRISTOFORO COLOMBO;;;Scontro laterale fra veicoli in marcia;Incrocio;Più di due carreggiate;Asciutto;Asfaltata;Verticale ed orizzontale;Sereno;Normale;Buona;Ore Diurne;0;0;0;2;123.779;417.482;-1;2;Velocipede;In marcia / fermata / arresto;Conducente;M;Illeso;0;;Esente;
4740889;20;08/01/2020 10:10;Strada Urbana;VIA DELLA GIUSTINIANA;in prossimità;;del civico n.;168;;Investimento di pedone;Rettilineo;Una carreggiata a doppio senso;Asciutto;Strada pavimentata dissestata;Verticale ed orizzontale;Sereno;Normale;Buona;Ore Diurne;1;0;0;1;124.801;420.058;-1;;;;Pedone;F;Rimandato;0;NON DECEDUTO;;
4740889;20;08/01/2020 10:10;Strada Urbana;VIA DELLA GIUSTINIANA;in prossimità;;del civico n.;168;;Investimento di pedone;Rettilineo;Una carreggiata a doppio senso;Asciutto;Strada pavimentata dissestata;Verticale ed orizzontale;Sereno;Normale;Buona;Ore Diurne;1;0;0;1;124.801;420.058;-1;1;Autovettura privata;In marcia / fermata / arresto;Conducente;F;Illeso;0;;Non accertato;Inesploso
4740909;3;07/01/2020 17:15;Strada Urbana;VIA NOMENTANA;all'intersezione con;VIA ALESSANDRO TORLONIA;VIA ALESSANDRO TORLONIA;;;Investimento di pedone;Intersezione semaforizzata;Due carreggiate;Asciutto;Asfaltata;Verticale ed orizzontale;Sereno;Intenso;Buona;Sufficiente;1;0;0;1;125.114;419.162;-1;;;;Pedone sconosciuto;;Illeso;0;;;
4740909;3;07/01/2020 17:15;Strada Urbana;VIA NOMENTANA;all'intersezione con;VIA ALESSANDRO TORLONIA;VIA ALESSANDRO TORLONIA;;;Investimento di pedone;Intersezione semaforizzata;Due carreggiate;Asciutto;Asfaltata;Verticale ed orizzontale;Sereno;Intenso;Buona;Sufficiente;1;0;0;1;125.114;419.162;-1;1;Motociclo a solo;In marcia / fermata / arresto;Conducente;M;Rifiuta cure immediate;0;NON DECEDUTO;Non accertato;
4740939;17;07/01/2020 09:45;Strada Urbana;VIALE GIUSEPPE MAZZINI;in prossimità;;del civico n.;114a;;Scontro laterale fra veicoli in marcia;Rettilineo;Due carreggiate;Asciutto;Asfaltata;Verticale ed orizzontale;Sereno;Normale;Buona;Ore Diurne;0;0;0;2;124.597;419.154;-1;1;Autovettura privata;In marcia / fermata / arresto;Conducente;F;Illeso;0;;Non accertato;Inesploso
4740939;17;07/01/2020 09:45;Strada Urbana;VIALE GIUSEPPE MAZZINI;in prossimità;;del civico n.;114a;;Scontro laterale fra veicoli in marcia;Rettilineo;Due carreggiate;Asciutto;Asfaltata;Verticale ed orizzontale;Sereno;Normale;Buona;Ore Diurne;0;0;0;2;124.597;419.154;-1;2;Autovettura privata;In marcia / fermata / arresto;Conducente;M;Illeso;0;;;
4740955;18;07/01/2020 20:05;Strada Urbana;VIA PIO IX;in prossimità;;del civico n.;179;;Veicolo in marcia contro veicolo in sosta;Rettilineo;Una carreggiata a doppio senso;Asciutto;Asfaltata;Verticale;Sereno;Normale;Sufficiente;Sufficiente;0;0;0;1;124.232;41.909;-1;1;Autovettura privata;In marcia / fermata / arresto;Conducente;M;Illeso;0;;Non accertato;Inesploso
4740955;18;07/01/2020 20:05;Strada Urbana;VIA PIO IX;in prossimità;;del civico n.;179;;Veicolo in marcia contro veicolo in sosta;Rettilineo;Una carreggiata a doppio senso;Asciutto;Asfaltata;Verticale;Sereno;Normale;Sufficiente;Sufficiente;0;0;0;1;124.232;41.909;-1;2;Autovettura privata;Sosta;;;;;;;
4740955;18;07/01/2020 20:05;Strada Urbana;VIA PIO IX;in prossimità;;del civico n.;179;;Veicolo in marcia contro veicolo in sosta;Rettilineo;Una carreggiata a doppio senso;Asciutto;Asfaltata;Verticale;Sereno;Normale;Sufficiente;Sufficiente;0;0;0;1;124.232;41.909;-1;3;Autovettura privata;Sosta;;;;;;;
4740955;18;07/01/2020 20:05;Strada Urbana;VIA PIO IX;in prossimità;;del civico n.;179;;Veicolo in marcia contro veicolo in sosta;Rettilineo;Una carreggiata a doppio senso;Asciutto;Asfaltata;Verticale;Sereno;Normale;Sufficiente;Sufficiente;0;0;0;1;124.232;41.909;-1;4;Autovettura privata;Sosta;;;;;;;
4740967;16;07/01/2020 11:30;Strada Urbana;VIA FONTEIANA;in corrispondenza;;del civico n.;26;;Scontro laterale fra veicoli in marcia;Rettilineo;Una carreggiata a doppio senso;Asciutto;Asfaltata;Verticale ed orizzontale;Sereno;Normale;Buona;Ore Diurne;0;0;0;2;124.548;418.829;-1;1;Autovettura privata;In marcia / fermata / arresto;Conducente;F;Illeso;0;;Non accertato;
4740967;16;07/01/2020 11:30;Strada Urbana;VIA FONTEIANA;in corrispondenza;;del civico n.;26;;Scontro laterale fra veicoli in marcia;Rettilineo;Una carreggiata a doppio senso;Asciutto;Asfaltata;Verticale ed orizzontale;Sereno;Normale;Buona;Ore Diurne;0;0;0;2;124.548;418.829;-1;2;Motociclo a solo;In marcia / fermata / arresto;Conducente;M;Illeso;0;;Non accertato;
4740976;6;08/01/2020 11:10;Strada Urbana;VIA TOR DE' SCHIAVI;all'intersezione con;VIA ALATRI;VIA ALATRI;;;Scontro frontale/laterale SX fra veicoli in marcia;Intersezione stradale segnalata;Due carreggiate;Asciutto;Asfaltata;Orizzontale;Sereno;Normale;Buona;Ore Diurne;1;0;0;2;125.595;418.935;-1;1;Autovettura privata;In marcia / fermata / arresto;Conducente;M;Illeso;0;;Non accertato;Inesploso
4740976;6;08/01/2020 11:10;Strada Urbana;VIA TOR DE' SCHIAVI;all'intersezione con;VIA ALATRI;VIA ALATRI;;;Scontro frontale/laterale SX fra veicoli in marcia;Intersezione stradale segnalata;Due carreggiate;Asciutto;Asfaltata;Orizzontale;Sereno;Normale;Buona;Ore Diurne;1;0;0;2;125.595;418.935;-1;1;Autovettura privata;In marcia / fermata / arresto;Passeggero;F;Illeso;0;;Non accertato;Inesploso
4740976;6;08/01/2020 11:10;Strada Urbana;VIA TOR DE' SCHIAVI;all'intersezione con;VIA ALATRI;VIA ALATRI;;;Scontro frontale/laterale SX fra veicoli in marcia;Intersezione stradale segnalata;Due carreggiate;Asciutto;Asfaltata;Orizzontale;Sereno;Normale;Buona;Ore Diurne;1;0;0;2;125.595;418.935;-1;2;Autovettura privata;In marcia / fermata / arresto;Conducente;M;Rifiuta cure immediate;0;NON DECEDUTO;Non accertato;Inesploso
4740981;13;07/01/2020 08:00;Comunale extraurbana;VIALE CRISTOFORO COLOMBO;in corrispondenza;;della chilometrica;16.9;;Tamponamento;Rettilineo;Due carreggiate;Asciutto;Asfaltata;Orizzontale;Sereno;Intenso;Buona;Ore Diurne;1;0;0;1;124.536;418.089;-1;1;Autovettura privata;In marcia / fermata / arresto;Conducente;F;Illeso;0;;Non accertato;Inesploso
4740981;13;07/01/2020 08:00;Comunale extraurbana;VIALE CRISTOFORO COLOMBO;in corrispondenza;;della chilometrica;16.9;;Tamponamento;Rettilineo;Due carreggiate;Asciutto;Asfaltata;Orizzontale;Sereno;Intenso;Buona;Ore Diurne;1;0;0;1;124.536;418.089;-1;2;Motociclo a solo;In marcia / fermata / arresto;Conducente;M;Rimandato;0;NON DECEDUTO;Non accertato;
4740982;2;07/01/2020 12:50;Strada Urbana;VIALE PARIOLI;in corrispondenza;;del civico n.;77A;;Veicolo in marcia contro ostacolo accidentale;Rettilineo;Una carreggiata a doppio senso;Asciutto;Con buche;Verticale ed orizzontale;Sereno;Normale;Buona;Ore Diurne;1;0;0;0;124.862;419.265;-1;1;Ciclomotore;In marcia / fermata / arresto;Conducente;F;Rifiuta cure immediate;0;NON DECEDUTO;;
4740983;2;07/01/2020 13:35;Strada Urbana;VIA GUIDO RENI;in prossimità;;del civico n.;23;;Veicolo in marcia contro ostacolo accidentale;Rettilineo;Una carreggiata a senso unico di marcia;Asciutto;Con buche;Verticale ed orizzontale;Sereno;Scarso;Buona;Ore Diurne;0;0;0;1;124.645;419.274;-1;1;Autovettura privata;In marcia / fermata / arresto;Conducente;M;Illeso;0;;;
4740986;2;07/01/2020 13:45;Strada Urbana;PIAZZA BARTOLOMEO GASTALDI;in corrispondenza;;del civico n.;4;;Scontro laterale fra veicoli in marcia;Rotatoria;Una carreggiata a senso unico di marcia;Asciutto;In cubetti di porfido;Verticale ed orizzontale;Sereno;Normale;Buona;Ore Diurne;0;0;0;4;124.811;419.225;-1;1;Autovettura privata;In marcia / fermata / arresto;Conducente;M;Illeso;0;;Non accertato;Inesploso
4740986;2;07/01/2020 13:45;Strada Urbana;PIAZZA BARTOLOMEO GASTALDI;in corrispondenza;;del civico n.;4;;Scontro laterale fra veicoli in marcia;Rotatoria;Una carreggiata a senso unico di marcia;Asciutto;In cubetti di porfido;Verticale ed orizzontale;Sereno;Normale;Buona;Ore Diurne;0;0;0;4;124.811;419.225;-1;1;Autovettura privata;In marcia / fermata / arresto;Passeggero;M;Illeso;0;;Non accertato;Inesploso
4740986;2;07/01/2020 13:45;Strada Urbana;PIAZZA BARTOLOMEO GASTALDI;in corrispondenza;;del civico n.;4;;Scontro laterale fra veicoli in marcia;Rotatoria;Una carreggiata a senso unico di marcia;Asciutto;In cubetti di porfido;Verticale ed orizzontale;Sereno;Normale;Buona;Ore Diurne;0;0;0;4;124.811;419.225;-1;1;Autovettura privata;In marcia / fermata / arresto;Passeggero;M;Illeso;0;;Non accertato;Inesploso
4740986;2;07/01/2020 13:45;Strada Urbana;PIAZZA BARTOLOMEO GASTALDI;in corrispondenza;;del civico n.;4;;Scontro laterale fra veicoli in marcia;Rotatoria;Una carreggiata a senso unico di marcia;Asciutto;In cubetti di porfido;Verticale ed orizzontale;Sereno;Normale;Buona;Ore Diurne;0;0;0;4;124.811;419.225;-1;2;Autovettura privata;In marcia / fermata / arresto;Conducente;M;Illeso;0;;Non accertato;Inesploso
4740989;2;07/01/2020 15:50;Strada Urbana;VIALE DEL MURO TORTO;da specificare;;;;prox VIA DEL GALOPPATOIO;Scontro laterale fra veicoli in marcia;Rettilineo;Due carreggiate;Asciutto;Asfaltata;Verticale ed orizzontale;Sereno;Normale;Buona;Ore Diurne;0;0;0;4;124.831;419.096;-1;1;Autovettura privata;In marcia / fermata / arresto;Conducente;F;Illeso;0;;Non accertato;Inesploso
4740989;2;07/01/2020 15:50;Strada Urbana;VIALE DEL MURO TORTO;da specificare;;;;prox VIA DEL GALOPPATOIO;Scontro laterale fra veicoli in marcia;Rettilineo;Due carreggiate;Asciutto;Asfaltata;Verticale ed orizzontale;Sereno;Normale;Buona;Ore Diurne;0;0;0;4;124.831;419.096;-1;1;Autovettura privata;In marcia / fermata / arresto;Passeggero;M;Illeso;0;;Non accertato;Inesploso
4740989;2;07/01/2020 15:50;Strada Urbana;VIALE DEL MURO TORTO;da specificare;;;;prox VIA DEL GALOPPATOIO;Scontro laterale fra veicoli in marcia;Rettilineo;Due carreggiate;Asciutto;Asfaltata;Verticale ed orizzontale;Sereno;Normale;Buona;Ore Diurne;0;0;0;4;124.831;419.096;-1;1;Autovettura privata;In marcia / fermata / arresto;Passeggero;F;Illeso;0;;Non accertato;Inesploso
4740989;2;07/01/2020 15:50;Strada Urbana;VIALE DEL MURO TORTO;da specificare;;;;prox VIA DEL GALOPPATOIO;Scontro laterale fra veicoli in marcia;Rettilineo;Due carreggiate;Asciutto;Asfaltata;Verticale ed orizzontale;Sereno;Normale;Buona;Ore Diurne;0;0;0;4;124.831;419.096;-1;2;Autovettura pubblica;In marcia / fermata / arresto;Conducente;M;Illeso;0;;Non accertato;Inesploso
4740991;18;08/01/2020 04:05;Strada Urbana;VIA AURELIA;all'intersezione semaforizzata con;CIRCONVALLAZIONE CORNELIA;CIRCONVALLAZIONE CORNELIA;;;Scontro frontale/laterale DX fra veicoli in marcia;Intersezione semaforizzata;Due carreggiate;Asciutto;Asfaltata;Verticale ed orizzontale;Sereno;Scarso;Buona;Sufficiente;0;0;0;2;123.618;418.851;-1;1;Autocarro inferiore 35 q.;In marcia / fermata / arresto;Conducente;M;Illeso;0;;;
4740991;18;08/01/2020 04:05;Strada Urbana;VIA AURELIA;all'intersezione semaforizzata con;CIRCONVALLAZIONE CORNELIA;CIRCONVALLAZIONE CORNELIA;;;Scontro frontale/laterale DX fra veicoli in marcia;Intersezione semaforizzata;Due carreggiate;Asciutto;Asfaltata;Verticale ed orizzontale;Sereno;Scarso;Buona;Sufficiente;0;0;0;2;123.618;418.851;-1;2;Autovettura privata;In marcia / fermata / arresto;Conducente;M;Illeso;0;;;
4741004;18;08/01/2020 09:20;Statale;VIA AURELIA;in prossimità;;della chilometrica;18;;Scontro laterale fra veicoli in marcia;Rettilineo;Due carreggiate;Asciutto;Asfaltata;Verticale ed orizzontale;Sereno;Normale;Buona;Ore Diurne;0;0;0;2;122.954;418.923;-1;1;Autoarticolato;In marcia / fermata / arresto;Conducente;M;Illeso;0;;Non accertato;Inesploso
4741004;18;08/01/2020 09:20;Statale;VIA AURELIA;in prossimità;;della chilometrica;18;;Scontro laterale fra veicoli in marcia;Rettilineo;Due carreggiate;Asciutto;Asfaltata;Verticale ed orizzontale;Sereno;Normale;Buona;Ore Diurne;0;0;0;2;122.954;418.923;-1;2;Motociclo a solo;In marcia / fermata / arresto;Conducente;M;Illeso;0;;Non accertato;
4741021;16;07/01/2020 17:00;Strada Urbana;CIRCONVALLAZIONE GIANICOLENSE;in corrispondenza;;del civico n.;139;;Veicolo in marcia contro ostacolo fisso;Rettilineo;Più di due carreggiate;Asciutto;Asfaltata;Verticale ed orizzontale;Sereno;Normale;Buona;Sufficiente;0;0;0;2;124.482;418.732;-1;1;Autovettura privata;In marcia / fermata / arresto;Conducente;M;Illeso;0;;Non accertato;Inesploso
4741021;16;07/01/2020 17:00;Strada Urbana;CIRCONVALLAZIONE GIANICOLENSE;in corrispondenza;;del civico n.;139;;Veicolo in marcia contro ostacolo fisso;Rettilineo;Più di due carreggiate;Asciutto;Asfaltata;Verticale ed orizzontale;Sereno;Normale;Buona;Sufficiente;0;0;0;2;124.482;418.732;-1;1;Autovettura privata;In marcia / fermata / arresto;Passeggero;F;Illeso;0;;Non accertato;Inesploso
4741072;2;07/01/2020 21:45;Strada Urbana;CORSO DI FRANCIA;da specificare;;;;alt. XVII OLIMPIADE dir. VIA FLAMINIA;Tamponamento;Rettilineo;Due carreggiate;Asciutto;Asfaltata;Verticale ed orizzontale;Sereno;Scarso;Buona;Sufficiente;1;0;0;1;124.717;419.367;-1;1;Motociclo a solo;In marcia / fermata / arresto;Conducente;M;Rifiuta cure immediate;0;NON DECEDUTO;Non accertato;
4741072;2;07/01/2020 21:45;Strada Urbana;CORSO DI FRANCIA;da specificare;;;;alt. XVII OLIMPIADE dir. VIA FLAMINIA;Tamponamento;Rettilineo;Due carreggiate;Asciutto;Asfaltata;Verticale ed orizzontale;Sereno;Scarso;Buona;Sufficiente;1;0;0;1;124.717;419.367;-1;2;Autovettura privata;In marcia / fermata / arresto;Conducente;F;Illeso;0;;Non accertato;Inesploso
4741076;2;07/01/2020 22:15;Strada Urbana;VIA PO;all'intersezione con;VIA ISONZO;VIA ISONZO;;;Scontro frontale/laterale DX fra veicoli in marcia;Intersezione stradale segnalata;Due carreggiate;Asciutto;Asfaltata;Verticale ed orizzontale;Sereno;Scarso;Buona;Sufficiente;0;0;0;2;124.959;419.151;-1;1;Autovettura privata;In marcia / fermata / arresto;Conducente;M;Illeso;0;;;
4741076;2;07/01/2020 22:15;Strada Urbana;VIA PO;all'intersezione con;VIA ISONZO;VIA ISONZO;;;Scontro frontale/laterale DX fra veicoli in marcia;Intersezione stradale segnalata;Due carreggiate;Asciutto;Asfaltata;Verticale ed orizzontale;Sereno;Scarso;Buona;Sufficiente;0;0;0;2;124.959;419.151;-1;2;Autovettura privata;In marcia / fermata / arresto;Conducente;M;Illeso;0;;;
4741190;6;08/01/2020 12:30;Strada Urbana;VIA LUCHINO DAL VERME;in prossimità;;del civico n.;118;;Veicolo in marcia contro veicolo fermo;Rettilineo;Una carreggiata a senso unico di marcia;Asciutto;Asfaltata;Orizzontale;Sereno;Normale;Buona;Ore Diurne;0;0;0;2;125.419;418.887;-1;1;Autovettura privata;In marcia / fermata / arresto;Conducente;M;Illeso;0;;Non accertato;Inesploso
4741190;6;08/01/2020 12:30;Strada Urbana;VIA LUCHINO DAL VERME;in prossimità;;del civico n.;118;;Veicolo in marcia contro veicolo fermo;Rettilineo;Una carreggiata a senso unico di marcia;Asciutto;Asfaltata;Orizzontale;Sereno;Normale;Buona;Ore Diurne;0;0;0;2;125.419;418.887;-1;2;Autovettura privata;In marcia / fermata / arresto;Conducente;M;Illeso;0;;Non accertato;Inesploso
4741267;20;08/01/2020 13:00;Provinciale entro l'abitato;VIA TIBERINA;in prossimità;;del civico n.;161;;Tamponamento Multiplo;Pendenza;Una carreggiata a doppio senso;Asciutto;Asfaltata;Verticale ed orizzontale;Sereno;Normale;Buona;Ore Diurne;0;0;0;4;124.991;42.003;-1;1;Autovettura privata;In marcia / fermata / arresto;Conducente;M;Illeso;0;;Non accertato;Inesploso
4741267;20;08/01/2020 13:00;Provinciale entro l'abitato;VIA TIBERINA;in prossimità;;del civico n.;161;;Tamponamento Multiplo;Pendenza;Una carreggiata a doppio senso;Asciutto;Asfaltata;Verticale ed orizzontale;Sereno;Normale;Buona;Ore Diurne;0;0;0;4;124.991;42.003;-1;2;Autovettura privata;In marcia / fermata / arresto;Conducente;M;Illeso;0;;Non accertato;Inesploso
4741267;20;08/01/2020 13:00;Provinciale entro l'abitato;VIA TIBERINA;in prossimità;;del civico n.;161;;Tamponamento Multiplo;Pendenza;Una carreggiata a doppio senso;Asciutto;Asfaltata;Verticale ed orizzontale;Sereno;Normale;Buona;Ore Diurne;0;0;0;4;124.991;42.003;-1;3;Autovettura privata;In marcia / fermata / arresto;Conducente;M;Illeso;0;;Non accertato;Inesploso
4741267;20;08/01/2020 13:00;Provinciale entro l'abitato;VIA TIBERINA;in prossimità;;del civico n.;161;;Tamponamento Multiplo;Pendenza;Una carreggiata a doppio senso;Asciutto;Asfaltata;Verticale ed orizzontale;Sereno;Normale;Buona;Ore Diurne;0;0;0;4;124.991;42.003;-1;4;Autovettura privata;In marcia / fermata / arresto;Conducente;F;Illeso;0;;Non accertato;Inesploso
4741286;2;08/01/2020 13:20;Strada Urbana;VIA ASMARA;in corrispondenza;;del civico n.;66;;Scontro frontale/laterale DX fra veicoli in marcia;Rettilineo;Una carreggiata a doppio senso;Asciutto;Asfaltata;Orizzontale;Sereno;Normale;Buona;Ore Diurne;0;0;0;2;125.167;419.256;-1;1;Autovettura privata;In marcia / fermata / arresto;Conducente;M;Illeso;0;;Non accertato;Inesistente
4741286;2;08/01/2020 13:20;Strada Urbana;VIA ASMARA;in corrispondenza;;del civico n.;66;;Scontro frontale/laterale DX fra veicoli in marcia;Rettilineo;Una carreggiata a doppio senso;Asciutto;Asfaltata;Orizzontale;Sereno;Normale;Buona;Ore Diurne;0;0;0;2;125.167;419.256;-1;2;Autovettura privata;In marcia / fermata / arresto;Conducente;M;Illeso;0;;Non accertato;Inesploso
4741298;18;08/01/2020 13:30;Strada Urbana;VIA VICOFORTE;in prossimità;;del civico n.;14;;Investimento di pedone;Rettilineo;Una carreggiata a senso unico di marcia;Asciutto;Asfaltata;Verticale;Sereno;Scarso;Buona;Ore Diurne;4;0;0;0;123.693;419.172;-1;;;;Pedone;F;Rimandato;0;NON DECEDUTO;;
4741298;18;08/01/2020 13:30;Strada Urbana;VIA VICOFORTE;in prossimità;;del civico n.;14;;Investimento di pedone;Rettilineo;Una carreggiata a senso unico di marcia;Asciutto;Asfaltata;Verticale;Sereno;Scarso;Buona;Ore Diurne;4;0;0;0;123.693;419.172;-1;;;;Pedone;F;Rimandato;0;NON DECEDUTO;;
4741298;18;08/01/2020 13:30;Strada Urbana;VIA VICOFORTE;in prossimità;;del civico n.;14;;Investimento di pedone;Rettilineo;Una carreggiata a senso unico di marcia;Asciutto;Asfaltata;Verticale;Sereno;Scarso;Buona;Ore Diurne;4;0;0;0;123.693;419.172;-1;;;;Pedone;F;Ricoverato;0;NON DECEDUTO;;
4741298;18;08/01/2020 13:30;Strada Urbana;VIA VICOFORTE;in prossimità;;del civico n.;14;;Investimento di pedone;Rettilineo;Una carreggiata a senso unico di marcia;Asciutto;Asfaltata;Verticale;Sereno;Scarso;Buona;Ore Diurne;4;0;0;0;123.693;419.172;-1;1;Autocarro inferiore 35 q.;In marcia / fermata / arresto;Conducente;M;Rimandato;0;NON DECEDUTO;;
4741298;18;08/01/2020 13:30;Strada Urbana;VIA VICOFORTE;in prossimità;;del civico n.;14;;Investimento di pedone;Rettilineo;Una carreggiata a senso unico di marcia;Asciutto;Asfaltata;Verticale;Sereno;Scarso;Buona;Ore Diurne;4;0;0;0;123.693;419.172;-1;2;Autovettura privata;Sosta;;;;;;;
4741298;18;08/01/2020 13:30;Strada Urbana;VIA VICOFORTE;in prossimità;;del civico n.;14;;Investimento di pedone;Rettilineo;Una carreggiata a senso unico di marcia;Asciutto;Asfaltata;Verticale;Sereno;Scarso;Buona;Ore Diurne;4;0;0;0;123.693;419.172;-1;3;Autocarro inferiore 35 q.;Sosta;;;;;;;
4741348;12;08/01/2020 13:00;Strada Urbana;VIALE AMERICA;all'intersezione con;VIALE UMBERTO TUPINI;VIALE UMBERTO TUPINI;;;Scontro laterale fra veicoli in marcia;Incrocio;Una carreggiata a doppio senso;Asciutto;Asfaltata;Verticale ed orizzontale;Sereno;Normale;Buona;Ore Diurne;0;0;0;4;124.614;418.317;-1;1;Autovettura privata;In marcia / fermata / arresto;Conducente;F;Illeso;0;;Non accertato;Inesploso
4741348;12;08/01/2020 13:00;Strada Urbana;VIALE AMERICA;all'intersezione con;VIALE UMBERTO TUPINI;VIALE UMBERTO TUPINI;;;Scontro laterale fra veicoli in marcia;Incrocio;Una carreggiata a doppio senso;Asciutto;Asfaltata;Verticale ed orizzontale;Sereno;Normale;Buona;Ore Diurne;0;0;0;4;124.614;418.317;-1;1;Autovettura privata;In marcia / fermata / arresto;Passeggero;F;Illeso;0;;Non accertato;Inesploso
4741348;12;08/01/2020 13:00;Strada Urbana;VIALE AMERICA;all'intersezione con;VIALE UMBERTO TUPINI;VIALE UMBERTO TUPINI;;;Scontro laterale fra veicoli in marcia;Incrocio;Una carreggiata a doppio senso;Asciutto;Asfaltata;Verticale ed orizzontale;Sereno;Normale;Buona;Ore Diurne;0;0;0;4;124.614;418.317;-1;1;Autovettura privata;In marcia / fermata / arresto;Passeggero;F;Illeso;0;;Utilizzato;Inesploso
4741348;12;08/01/2020 13:00;Strada Urbana;VIALE AMERICA;all'intersezione con;VIALE UMBERTO TUPINI;VIALE UMBERTO TUPINI;;;Scontro laterale fra veicoli in marcia;Incrocio;Una carreggiata a doppio senso;Asciutto;Asfaltata;Verticale ed orizzontale;Sereno;Normale;Buona;Ore Diurne;0;0;0;4;124.614;418.317;-1;2;Autovettura privata;In marcia / fermata / arresto;Conducente;F;Illeso;0;;Non accertato;Inesploso
4741381;18;08/01/2020 10:45;Strada Urbana;CIRCONVALLAZIONE CORNELIA;in corrispondenza;;del civico n.;9;;Tamponamento;Rettilineo;Due carreggiate;Asciutto;Asfaltata;Verticale ed orizzontale;Sereno;Normale;Buona;Ore Diurne;0;0;0;3;12.427;418.993;-1;1;Autovettura privata;In marcia / fermata / arresto;Conducente;M;Illeso;0;;;
4741381;18;08/01/2020 10:45;Strada Urbana;CIRCONVALLAZIONE CORNELIA;in corrispondenza;;del civico n.;9;;Tamponamento;Rettilineo;Due carreggiate;Asciutto;Asfaltata;Verticale ed orizzontale;Sereno;Normale;Buona;Ore Diurne;0;0;0;3;12.427;418.993;-1;2;Autovettura privata;In marcia / fermata / arresto;Conducente;F;Illeso;0;;;
4741381;18;08/01/2020 10:45;Strada Urbana;CIRCONVALLAZIONE CORNELIA;in corrispondenza;;del civico n.;9;;Tamponamento;Rettilineo;Due carreggiate;Asciutto;Asfaltata;Verticale ed orizzontale;Sereno;Normale;Buona;Ore Diurne;0;0;0;3;12.427;418.993;-1;2;Autovettura privata;In marcia / fermata / arresto;Passeggero;M;Illeso;0;;;
4741404;1;08/01/2020 11:00;Strada Urbana;VIA DELLA GRECA;all'intersezione semaforizzata con;PIAZZA DELLA BOCCA DELLA VERITA';PIAZZA DELLA BOCCA DELLA VERITA';;;Scontro laterale fra veicoli in marcia;Intersezione semaforizzata;Una carreggiata a doppio senso;Asciutto;Asfaltata;Verticale ed orizzontale;Sereno;Normale;Buona;Ore Diurne;0;0;0;2;124.822;418.873;-1;1;Motociclo a solo;In marcia / fermata / arresto;Conducente;M;Illeso;0;;Non accertato;
4741404;1;08/01/2020 11:00;Strada Urbana;VIA DELLA GRECA;all'intersezione semaforizzata con;PIAZZA DELLA BOCCA DELLA VERITA';PIAZZA DELLA BOCCA DELLA VERITA';;;Scontro laterale fra veicoli in marcia;Intersezione semaforizzata;Una carreggiata a doppio senso;Asciutto;Asfaltata;Verticale ed orizzontale;Sereno;Normale;Buona;Ore Diurne;0;0;0;2;124.822;418.873;-1;2;Velocipede;In marcia / fermata / arresto;Conducente;F;Illeso;0;;Esente;
4741452;12;08/01/2020 09:40;Strada Urbana;VIALE OCEANO ATLANTICO ;da specificare;;;;altezza via CESARE PAVESE direz. LAURENTINA;Tamponamento;Rettilineo;Una carreggiata a doppio senso;Asciutto;Asfaltata;Verticale ed orizzontale;Sereno;Normale;Buona;Ore Diurne;1;0;0;1;124.716;418.202;-1;1;Autovettura privata;In marcia / fermata / arresto;Conducente;M;Rimandato;0;NON DECEDUTO;Utilizzato;Inesploso
4741452;12;08/01/2020 09:40;Strada Urbana;VIALE OCEANO ATLANTICO ;da specificare;;;;altezza via CESARE PAVESE direz. LAURENTINA;Tamponamento;Rettilineo;Una carreggiata a doppio senso;Asciutto;Asfaltata;Verticale ed orizzontale;Sereno;Normale;Buona;Ore Diurne;1;0;0;1;124.716;418.202;-1;2;Autobus di linea;In marcia / fermata / arresto;Conducente;F;Illeso;0;;Utilizzato;Inesploso