Protocollo;Gruppo;DataOraIncidente;Localizzazione1;STRADA1;Localizzazione2;STRADA2;Strada02;Chilometrica;DaSpecificare;NaturaIncidente;particolaritastrade;TipoStrada;FondoStradale;Pavimentazione;Segnaletica;CondizioneAtmosferica;Traffico;Visibilita;Illuminazione;NUM_FERITI;NUM_RISERVATA;NUM_MORTI;NUM_ILLESI;Longitude;Latitude;Confermato;Progressivo;TipoVeicolo;StatoVeicolo;TipoPersona;Sesso;Tipolesione;Deceduto;DecedutoDopo;CinturaCascoUtilizzato;Airbag
4753766;1;15/01/2020 14:45;Strada Urbana;VIA SEBASTIANO GRANDIS;all'intersezione con;VIA ELENIANA;VIA ELENIANA;;;Scontro frontale/laterale DX fra veicoli in marcia;Intersezione stradale segnalata;Una carreggiata a senso unico di marcia;Asciutto;Asfaltata;Verticale ed orizzontale;Sereno;Normale;Buona;Ore Diurne;0;0;0;2;125.149;418.899;-1;2;Autovettura di polizia;In marcia / fermata / arresto;Conducente;M;Illeso;0;;Non accertato;Inesploso
4753768;4;15/01/2020 08:15;Strada Urbana;VIA MONTE ROCCHETTA;all'intersezione con;VIA MONTE CROCE;VIA MONTE CROCE;;;Scontro frontale/laterale DX fra veicoli in marcia;Intersezione stradale segnalata;Una carreggiata a doppio senso;Asciutto;Asfaltata;Verticale ed orizzontale;Sereno;Normale;Buona;Ore Diurne;0;0;0;3;125.317;419.473;-1;1;Autovettura privata;In marcia / fermata / arresto;Conducente;M;Illeso;0;;Non accertato;Inesploso
4753768;4;15/01/2020 08:15;Strada Urbana;VIA MONTE ROCCHETTA;all'intersezione con;VIA MONTE CROCE;VIA MONTE CROCE;;;Scontro frontale/laterale DX fra veicoli in marcia;Intersezione stradale segnalata;Una carreggiata a doppio senso;Asciutto;Asfaltata;Verticale ed orizzontale;Sereno;Normale;Buona;Ore Diurne;0;0;0;3;125.317;419.473;-1;1;Autovettura privata;In marcia / fermata / arresto;Passeggero;F;Illeso;0;;;
4753768;4;15/01/2020 08:15;Strada Urbana;VIA MONTE ROCCHETTA;all'intersezione con;VIA MONTE CROCE;VIA MONTE CROCE;;;Scontro frontale/laterale DX fra veicoli in marcia;Intersezione stradale segnalata;Una carreggiata a doppio senso;Asciutto;Asfaltata;Verticale ed orizzontale;Sereno;Normale;Buona;Ore Diurne;0;0;0;3;125.317;419.473;-1;2;Autovettura privata;In marcia / fermata / arresto;Conducente;M;Illeso;0;;Non accertato;Inesploso
4753783;19;16/01/2020 05:00;Strada Urbana;VIA PIETRO BEMBO;in corrispondenza;;del civico n.;60;;Veicolo in marcia contro veicolo in sosta;Rettilineo;Una carreggiata a doppio senso;Asciutto;Asfaltata;Verticale ed orizzontale;Sereno;Normale;Sufficiente;Sufficiente;0;0;0;1;124.128;419.204;-1;1;Autovettura privata;In marcia / fermata / arresto;Conducente;M;Illeso;0;;;
4753783;19;16/01/2020 05:00;Strada Urbana;VIA PIETRO BEMBO;in corrispondenza;;del civico n.;60;;Veicolo in marcia contro veicolo in sosta;Rettilineo;Una carreggiata a doppio senso;Asciutto;Asfaltata;Verticale ed orizzontale;Sereno;Normale;Sufficiente;Sufficiente;0;0;0;1;124.128;419.204;-1;2;Autovettura privata;Sosta;;;;;;;
4753795;17;15/01/2020 09:45;Strada Urbana;VIA CRESCENZIO;in corrispondenza;;del civico n.;46;;Scontro laterale fra veicoli in marcia;Rettilineo;Una carreggiata a doppio senso;Asciutto;In cubetti di porfido;Verticale ed orizzontale;Sereno;Normale;Buona;Ore Diurne;0;0;0;2;124.639;419.058;-1;1;Autovettura privata;In marcia / fermata / arresto;Conducente;M;Illeso;0;;;
4753795;17;15/01/2020 09:45;Strada Urbana;VIA CRESCENZIO;in corrispondenza;;del civico n.;46;;Scontro laterale fra veicoli in marcia;Rettilineo;Una carreggiata a doppio senso;Asciutto;In cubetti di porfido;Verticale ed orizzontale;Sereno;Normale;Buona;Ore Diurne;0;0;0;2;124.639;419.058;-1;2;Motociclo con passeggero;In marcia / fermata / arresto;Conducente;M;Illeso;0;;Non accertato;
4753830;4;15/01/2020 17:00;Strada Urbana;VIA BOLOGNOLA;in corrispondenza;;del civico n.;31;;Scontro laterale fra veicoli in marcia;Rettilineo;Una carreggiata a doppio senso;Asciutto;Asfaltata;Orizzontale;Sereno;Normale;Buona;Ore Diurne;0;0;0;4;125.058;419.845;-1;1;Autovettura privata;In marcia / fermata / arresto;Conducente;M;Illeso;0;;Non accertato;Inesploso
4753830;4;15/01/2020 17:00;Strada Urbana;VIA BOLOGNOLA;in corrispondenza;;del civico n.;31;;Scontro laterale fra veicoli in marcia;Rettilineo;Una carreggiata a doppio senso;Asciutto;Asfaltata;Orizzontale;Sereno;Normale;Buona;Ore Diurne;0;0;0;4;125.058;419.845;-1;1;Autovettura privata;In marcia / fermata / arresto;Passeggero;F;Illeso;0;;Non accertato;Inesploso
4753830;4;15/01/2020 17:00;Strada Urbana;VIA BOLOGNOLA;in corrispondenza;;del civico n.;31;;Scontro laterale fra veicoli in marcia;Rettilineo;Una carreggiata a doppio senso;Asciutto;Asfaltata;Orizzontale;Sereno;Normale;Buona;Ore Diurne;0;0;0;4;125.058;419.845;-1;1;Autovettura privata;In marcia / fermata / arresto;Passeggero;F;Illeso;0;;Non accertato;Inesploso
4753830;4;15/01/2020 17:00;Strada Urbana;VIA BOLOGNOLA;in corrispondenza;;del civico n.;31;;Scontro laterale fra veicoli in marcia;Rettilineo;Una carreggiata a doppio senso;Asciutto;Asfaltata;Orizzontale;Sereno;Normale;Buona;Ore Diurne;0;0;0;4;125.058;419.845;-1;2;Autocarro inferiore 35 q.;In marcia / fermata / arresto;Conducente;M;Illeso;0;;Non accertato;Inesploso
4753841;7;16/01/2020 08:15;Strada Urbana;VIA DEI CICLAMINI;all'intersezione con;VIA VINCENZO CESATI;VIA VINCENZO CESATI;;;Scontro frontale/laterale DX fra veicoli in marcia;Incrocio;Una carreggiata a doppio senso;Asciutto;Asfaltata;Verticale ed orizzontale;Sereno;Normale;Buona;Ore Diurne;0;0;0;2;125.653;418.939;-1;1;Autovettura privata;In marcia / fermata / arresto;Conducente;M;Illeso;0;;Non accertato;Inesploso
4753841;7;16/01/2020 08:15;Strada Urbana;VIA DEI CICLAMINI;all'intersezione con;VIA VINCENZO CESATI;VIA VINCENZO CESATI;;;Scontro frontale/laterale DX fra veicoli in marcia;Incrocio;Una carreggiata a doppio senso;Asciutto;Asfaltata;Verticale ed orizzontale;Sereno;Normale;Buona;Ore Diurne;0;0;0;2;125.653;418.939;-1;2;Autovettura privata;In marcia / fermata / arresto;Conducente;M;Illeso;0;;Non accertato;Inesploso
4753887;18;16/01/2020 08:15;Strada Urbana;VIA DELLA MAGLIANELLA;in prossimità;;del civico n.;233;;Tamponamento;Rettilineo;Una carreggiata a doppio senso;Asciutto;Asfaltata;Verticale ed orizzontale;Sereno;Normale;Buona;Ore Diurne;1;0;0;2;123.821;41.907;-1;1;Autovettura privata;In marcia / fermata / arresto;Conducente;F;Illeso;0;;Non accertato;Inesploso
4753887;18;16/01/2020 08:15;Strada Urbana;VIA DELLA MAGLIANELLA;in prossimità;;del civico n.;233;;Tamponamento;Rettilineo;Una carreggiata a doppio senso;Asciutto;Asfaltata;Verticale ed orizzontale;Sereno;Normale;Buona;Ore Diurne;1;0;0;2;123.821;41.907;-1;1;Autovettura privata;In marcia / fermata / arresto;Passeggero;M;Rimandato;0;NON DECEDUTO;Non accertato;Inesploso
4753887;18;16/01/2020 08:15;Strada Urbana;VIA DELLA MAGLIANELLA;in prossimità;;del civico n.;233;;Tamponamento;Rettilineo;Una carreggiata a doppio senso;Asciutto;Asfaltata;Verticale ed orizzontale;Sereno;Normale;Buona;Ore Diurne;1;0;0;2;123.821;41.907;-1;2;Autovettura privata;In marcia / fermata / arresto;Conducente;M;Illeso;0;;Non accertato;Inesploso
4753921;2;15/01/2020 08:35;Strada Urbana;VIA DEL FORO ITALICO;in prossimità;;del civico n.;647;;Scontro laterale fra veicoli in marcia;Rettilineo;Due carreggiate;Asciutto;Asfaltata;Orizzontale;Sereno;Intenso;Buona;Ore Diurne;1;0;0;1;12.504;41.939;-1;1;Autovettura privata;In marcia / fermata / arresto;Conducente;M;Illeso;0;;Non accertato;Inesploso
4753921;2;15/01/2020 08:35;Strada Urbana;VIA DEL FORO ITALICO;in prossimità;;del civico n.;647;;Scontro laterale fra veicoli in marcia;Rettilineo;Due carreggiate;Asciutto;Asfaltata;Orizzontale;Sereno;Intenso;Buona;Ore Diurne;1;0;0;1;12.504;41.939;-1;2;Motociclo a solo;In marcia / fermata / arresto;Conducente;M;Rimandato;0;NON DECEDUTO;Non accertato;
4753955;16;15/01/2020 10:25;Strada Urbana;VIA RAFFAELE BALESTRA;all'intersezione con;VIA LORENZO VIDASCHI;VIA LORENZO VIDASCHI;;;Scontro frontale/laterale DX fra veicoli in marcia;Intersezione stradale segnalata;Due carreggiate;Asciutto;Asfaltata;Verticale ed orizzontale;Sereno;Normale;Buona;Ore Diurne;0;0;0;2;124.498;418.739;-1;1;Autovettura privata;In marcia / fermata / arresto;Conducente;M;Illeso;0;;Non utilizzato;
4753955;16;15/01/2020 10:25;Strada Urbana;VIA RAFFAELE BALESTRA;all'intersezione con;VIA LORENZO VIDASCHI;VIA LORENZO VIDASCHI;;;Scontro frontale/laterale DX fra veicoli in marcia;Intersezione stradale segnalata;Due carreggiate;Asciutto;Asfaltata;Verticale ed orizzontale;Sereno;Normale;Buona;Ore Diurne;0;0;0;2;124.498;418.739;-1;2;Autovettura pubblica;In marcia / fermata / arresto;Conducente;M;Illeso;0;;Non accertato;
4753963;7;16/01/2020 09:00;Strada Urbana;VIA PRENESTINA;all'intersezione con;VIA DI TOR SAPIENZA;VIA DI TOR SAPIENZA;;;Scontro frontale/laterale DX fra veicoli in marcia;Incrocio;Una carreggiata a doppio senso;Asciutto;Asfaltata;Verticale ed orizzontale;Sereno;Normale;Sufficiente;Ore Diurne;1;0;0;1;125.922;418.944;-1;1;Autovettura privata;In marcia / fermata / arresto;Conducente;M;Ricoverato;0;NON DECEDUTO;Non accertato;Inesploso
4753963;7;16/01/2020 09:00;Strada Urbana;VIA PRENESTINA;all'intersezione con;VIA DI TOR SAPIENZA;VIA DI TOR SAPIENZA;;;Scontro frontale/laterale DX fra veicoli in marcia;Incrocio;Una carreggiata a doppio senso;Asciutto;Asfaltata;Verticale ed orizzontale;Sereno;Normale;Sufficiente;Ore Diurne;1;0;0;1;125.922;418.944;-1;2;Autovettura privata;In marcia / fermata / arresto;Conducente;M;Illeso;0;;Non accertato;Inesploso
4754125;12;16/01/2020 07:30;Strada Urbana;VIA PONTINA;in prossimità;;della chilometrica;17;;Veicolo in marcia contro ostacolo fisso;Rettilineo;Due carreggiate;Bagnato (brina);Asfaltata;Verticale ed orizzontale;Sereno;Normale;Buona;Ore Diurne;1;0;0;1;124.522;417.941;-1;1;Autovettura privata;In marcia / fermata / arresto;Conducente;M;Illeso;0;;Utilizzato;Inesploso
4754125;12;16/01/2020 07:30;Strada Urbana;VIA PONTINA;in prossimità;;della chilometrica;17;;Veicolo in marcia contro ostacolo fisso;Rettilineo;Due carreggiate;Bagnato (brina);Asfaltata;Verticale ed orizzontale;Sereno;Normale;Buona;Ore Diurne;1;0;0;1;124.522;417.941;-1;2;Autovettura di polizia;In marcia / fermata / arresto;Conducente;M;Rimandato;0;NON DECEDUTO;Utilizzato;Inesploso
4754196;12;16/01/2020 07:00;Strada Urbana;VIA DI TOR PAGNOTTA;da specificare;;;;INTERSEZIONE SEMAFORIZZATA CON  VIA F. SALEMME;Scontro frontale/laterale SX fra veicoli in marcia;Rettilineo;Una carreggiata a doppio senso;Asciutto;Asfaltata;Verticale ed orizzontale;Sereno;Normale;Buona;Ore Diurne;0;0;0;3;125.061;418.038;-1;1;Autovettura privata;In marcia / fermata / arresto;Conducente;M;Illeso;0;;Non accertato;Inesploso
4754196;12;16/01/2020 07:00;Strada Urbana;VIA DI TOR PAGNOTTA;da specificare;;;;INTERSEZIONE SEMAFORIZZATA CON  VIA F. SALEMME;Scontro frontale/laterale SX fra veicoli in marcia;Rettilineo;Una carreggiata a doppio senso;Asciutto;Asfaltata;Verticale ed orizzontale;Sereno;Normale;Buona;Ore Diurne;0;0;0;3;125.061;418.038;-1;1;Autovettura privata;In marcia / fermata / arresto;Passeggero;M;Illeso;0;;Utilizzato;Inesploso
4754196;12;16/01/2020 07:00;Strada Urbana;VIA DI TOR PAGNOTTA;da specificare;;;;INTERSEZIONE SEMAFORIZZATA CON  VIA F. SALEMME;Scontro frontale/laterale SX fra veicoli in marcia;Rettilineo;Una carreggiata a doppio senso;Asciutto;Asfaltata;Verticale ed orizzontale;Sereno;Normale;Buona;Ore Diurne;0;0;0;3;125.061;418.038;-1;2;Autocarro inferiore 35 q.;In marcia / fermata / arresto;Conducente;M;Illeso;0;;Utilizzato;Inesploso
4754222;20;16/01/2020 09:00;Statale entro l'abitato;VIA CASSIA;in prossimità;;del civico n.;1415;;Scontro frontale/laterale DX fra veicoli in marcia;Rettilineo;Una carreggiata a doppio senso;Asciutto;Asfaltata;Verticale ed orizzontale;Sereno;Normale;Buona;Ore Diurne;1;0;0;1;123.974;419.909;-1;1;Autovettura privata;In marcia / fermata / arresto;Conducente;M;Illeso;0;;Non accertato;Inesploso
4754222;20;16/01/2020 09:00;Statale entro l'abitato;VIA CASSIA;in prossimità;;del civico n.;1415;;Scontro frontale/laterale DX fra veicoli in marcia;Rettilineo;Una carreggiata a doppio senso;Asciutto;Asfaltata;Verticale ed orizzontale;Sereno;Normale;Buona;Ore Diurne;1;0;0;1;123.974;419.909;-1;2;Motociclo a solo;In marcia / fermata / arresto;Conducente;M;Rimandato;0;NON DECEDUTO;Non accertato;
4754243;3;15/01/2020 07:00;Strada Urbana;VIA DELLA BATTERIA NOMENTANA;da specificare;;;;civico 100;Veicolo in marcia contro veicoli in sosta;Rettilineo;Una carreggiata a senso unico di marcia;Asciutto;Asfaltata;Verticale ed orizzontale;Sereno;Normale;Buona;Sufficiente;0;0;0;1;12.526;419.266;-1;1;Autovettura privata;Sosta;;;;;;;
4754243;3;15/01/2020 07:00;Strada Urbana;VIA DELLA BATTERIA NOMENTANA;da specificare;;;;civico 100;Veicolo in marcia contro veicoli in sosta;Rettilineo;Una carreggiata a senso unico di marcia;Asciutto;Asfaltata;Verticale ed orizzontale;Sereno;Normale;Buona;Sufficiente;0;0;0;1;12.526;419.266;-1;2;Autovettura privata;Sosta;;;;;;;
4754243;3;15/01/2020 07:00;Strada Urbana;VIA DELLA BATTERIA NOMENTANA;da specificare;;;;civico 100;Veicolo in marcia contro veicoli in sosta;Rettilineo;Una carreggiata a senso unico di marcia;Asciutto;Asfaltata;Verticale ed orizzontale;Sereno;Normale;Buona;Sufficiente;0;0;0;1;12.526;419.266;-1;3;Autovettura privata;Sosta;;;;;;;
4754243;3;15/01/2020 07:00;Strada Urbana;VIA DELLA BATTERIA NOMENTANA;da specificare;;;;civico 100;Veicolo in marcia contro veicoli in sosta;Rettilineo;Una carreggiata a senso unico di marcia;Asciutto;Asfaltata;Verticale ed orizzontale;Sereno;Normale;Buona;Sufficiente;0;0;0;1;12.526;419.266;-1;4;Autovettura privata;Sosta;;;;;;;
4754243;3;15/01/2020 07:00;Strada Urbana;VIA DELLA BATTERIA NOMENTANA;da specificare;;;;civico 100;Veicolo in marcia contro veicoli in sosta;Rettilineo;Una carreggiata a senso unico di marcia;Asciutto;Asfaltata;Verticale ed orizzontale;Sereno;Normale;Buona;Sufficiente;0;0;0;1;12.526;419.266;-1;5;Motociclo a solo;Sosta;;;;;;;
4754243;3;15/01/2020 07:00;Strada Urbana;VIA DELLA BATTERIA NOMENTANA;da specificare;;;;civico 100;Veicolo in marcia contro veicoli in sosta;Rettilineo;Una carreggiata a senso unico di marcia;Asciutto;Asfaltata;Verticale ed orizzontale;Sereno;Normale;Buona;Sufficiente;0;0;0;1;12.526;419.266;-1;6;Motociclo a solo;Sosta;;;;;;;
4754243;3;15/01/2020 07:00;Strada Urbana;VIA DELLA BATTERIA NOMENTANA;da specificare;;;;civico 100;Veicolo in marcia contro veicoli in sosta;Rettilineo;Una carreggiata a senso unico di marcia;Asciutto;Asfaltata;Verticale ed orizzontale;Sereno;Normale;Buona;Sufficiente;0;0;0;1;12.526;419.266;-1;7;Motociclo a solo;Sosta;;;;;;;
4754243;3;15/01/2020 07:00;Strada Urbana;VIA DELLA BATTERIA NOMENTANA;da specificare;;;;civico 100;Veicolo in marcia contro veicoli in sosta;Rettilineo;Una carreggiata a senso unico di marcia;Asciutto;Asfaltata;Verticale ed orizzontale;Sereno;Normale;Buona;Sufficiente;0;0;0;1;12.526;419.266;-1;8;Motociclo a solo;Sosta;;;;;;;
4754243;3;15/01/2020 07:00;Strada Urbana;VIA DELLA BATTERIA NOMENTANA;da specificare;;;;civico 100;Veicolo in marcia contro veicoli in sosta;Rettilineo;Una carreggiata a senso unico di marcia;Asciutto;Asfaltata;Verticale ed orizzontale;Sereno;Normale;Buona;Sufficiente;0;0;0;1;12.526;419.266;-1;9;Motociclo a solo;Sosta;;;;;;;
4754243;3;15/01/2020 07:00;Strada Urbana;VIA DELLA BATTERIA NOMENTANA;da specificare;;;;civico 100;Veicolo in marcia contro veicoli in sosta;Rettilineo;Una carreggiata a senso unico di marcia;Asciutto;Asfaltata;Verticale ed orizzontale;Sereno;Normale;Buona;Sufficiente;0;0;0;1;12.526;419.266;-1;10;Autovettura privata;In marcia / fermata / arresto;Conducente;M;Illeso;0;;;
4754245;12;16/01/2020 10:05;Strada Urbana;VIA LUIGI CHIARINI;in corrispondenza;;del civico n.;313;;Scontro frontale/laterale DX fra veicoli in marcia;Rettilineo;Una carreggiata a doppio senso;Asciutto;Asfaltata;Verticale ed orizzontale;Sereno;Normale;Buona;Ore Diurne;1;0;0;1;124.759;417.894;-1;1;Autovettura privata;In marcia / fermata / arresto;Conducente;M;Illeso;0;;Utilizzato;Inesploso
4754245;12;16/01/2020 10:05;Strada Urbana;VIA LUIGI CHIARINI;in corrispondenza;;del civico n.;313;;Scontro frontale/laterale DX fra veicoli in marcia;Rettilineo;Una carreggiata a doppio senso;Asciutto;Asfaltata;Verticale ed orizzontale;Sereno;Normale;Buona;Ore Diurne;1;0;0;1;124.759;417.894;-1;2;Motociclo a solo;In marcia / fermata / arresto;Conducente;F;Rimandato;0;NON DECEDUTO;Utilizzato;
4754268;18;16/01/2020 11:05;Strada Urbana;VIA ENNIO BONIFAZI;all'intersezione con;VIA PADRE ANASTASIO GUTIÈRREZ;VIA PADRE ANASTASIO GUTIÈRREZ;;;Scontro frontale/laterale SX fra veicoli in marcia;Intersezione non regolata/non segnalata;Una carreggiata a doppio senso;Asciutto;Asfaltata;Verticale ed orizzontale;Sereno;Normale;Buona;Ore Diurne;0;0;0;2;124.167;419.052;-1;1;Autocarro superiore 35 q.;In marcia / fermata / arresto;Conducente;M;Illeso;0;;Non accertato;Inesploso
4754268;18;16/01/2020 11:05;Strada Urbana;VIA ENNIO BONIFAZI;all'intersezione con;VIA PADRE ANASTASIO GUTIÈRREZ;VIA PADRE ANASTASIO GUTIÈRREZ;;;Scontro frontale/laterale SX fra veicoli in marcia;Intersezione non regolata/non segnalata;Una carreggiata a doppio senso;Asciutto;Asfaltata;Verticale ed orizzontale;Sereno;Normale;Buona;Ore Diurne;0;0;0;2;124.167;419.052;-1;2;Autovettura privata;In marcia / fermata / arresto;Conducente;F;Illeso;0;;Non accertato;Inesploso
4754270;12;16/01/2020 07:25;Strada Urbana;VIA CRISTOFORO COLOMBO;all'intersezione con;VIALE DELL'UMANESIMO;VIALE DELL'UMANESIMO;;;Scontro frontale/laterale DX fra veicoli in marcia;Intersezione semaforizzata;Una carreggiata a senso unico di marcia;Asciutto;Asfaltata;Verticale ed orizzontale;Sereno;Intenso;Buona;Ore Diurne;0;0;0;2;124.675;418.238;-1;1;Autovettura privata;In marcia / fermata / arresto;Conducente;M;Illeso;0;;Utilizzato;Inesploso
4754270;12;16/01/2020 07:25;Strada Urbana;VIA CRISTOFORO COLOMBO;all'intersezione con;VIALE DELL'UMANESIMO;VIALE DELL'UMANESIMO;;;Scontro frontale/laterale DX fra veicoli in marcia;Intersezione semaforizzata;Una carreggiata a senso unico di marcia;Asciutto;Asfaltata;Verticale ed orizzontale;Sereno;Intenso;Buona;Ore Diurne;0;0;0;2;124.675;418.238;-1;2;Autovettura privata;In marcia / fermata / arresto;Conducente;M;Illeso;0;;Utilizzato;Inesploso
4754400;1;16/01/2020 09:45;Strada Urbana;VIALE CASTRO PRETORIO;all'intersezione con;VIA VICENZA;VIA VICENZA;;;Scontro laterale fra veicoli in marcia;Incrocio;Una carreggiata a doppio senso;Asciutto;Asfaltata;Verticale ed orizzontale;Sereno;Normale;Buona;Ore Diurne;1;0;0;1;125.057;419.018;-1;1;Autovettura privata;In marcia / fermata / arresto;Conducente;M;Illeso;0;;Non accertato;Inesploso
4754400;1;16/01/2020 09:45;Strada Urbana;VIALE CASTRO PRETORIO;all'intersezione con;VIA VICENZA;VIA VICENZA;;;Scontro laterale fra veicoli in marcia;Incrocio;Una carreggiata a doppio senso;Asciutto;Asfaltata;Verticale ed orizzontale;Sereno;Normale;Buona;Ore Diurne;1;0;0;1;125.057;419.018;-1;2;Motociclo a solo;In marcia / fermata / arresto;Conducente;M;Rimandato;0;NON DECEDUTO;Non accertato;
4754429;10;16/01/2020 13:00;Strada Urbana;VIA LUCIO SESTIO;in prossimità;;del civico n.;5;;Scontro laterale fra veicoli in marcia;Rettilineo;Una carreggiata a senso unico di marcia;Asciutto;Asfaltata;Verticale ed orizzontale;Sereno;Normale;Buona;Ore Diurne;0;0;0;2;125.568;418.593;-1;1;Autovettura privata;In marcia / fermata / arresto;Conducente;M;Illeso;0;;Non accertato;Inesploso
4754429;10;16/01/2020 13:00;Strada Urbana;VIA LUCIO SESTIO;in prossimità;;del civico n.;5;;Scontro laterale fra veicoli in marcia;Rettilineo;Una carreggiata a senso unico di marcia;Asciutto;Asfaltata;Verticale ed orizzontale;Sereno;Normale;Buona;Ore Diurne;0;0;0;2;125.568;418.593;-1;2;Autovettura privata;In marcia / fermata / arresto;Conducente;M;Illeso;0;;Non accertato;Inesploso
4754513;19;15/01/2020 19:30;Strada Urbana;VIA TRIONFALE;in corrispondenza;;del civico n.;11556;;Scontro frontale/laterale SX fra veicoli in marcia;Rettilineo;Una carreggiata a doppio senso;Asciutto;Asfaltata;Orizzontale;Sereno;Normale;Buona;Sufficiente;2;0;0;1;12.409;419.622;-1;1;Autovettura privata;In marcia / fermata / arresto;Conducente;M;Illeso;0;;Non accertato;Inesploso
4754513;19;15/01/2020 19:30;Strada Urbana;VIA TRIONFALE;in corrispondenza;;del civico n.;11556;;Scontro frontale/laterale SX fra veicoli in marcia;Rettilineo;Una carreggiata a doppio senso;Asciutto;Asfaltata;Orizzontale;Sereno;Normale;Buona;Sufficiente;2;0;0;1;12.409;419.622;-1;1;Autovettura privata;In marcia / fermata / arresto;Passeggero;F;Rimandato;0;NON DECEDUTO;Non accertato;Inesploso
4754513;19;15/01/2020 19:30;Strada Urbana;VIA TRIONFALE;in corrispondenza;;del civico n.;11556;;Scontro frontale/laterale SX fra veicoli in marcia;Rettilineo;Una carreggiata a doppio senso;Asciutto;Asfaltata;Orizzontale;Sereno;Normale;Buona;Sufficiente;2;0;0;1;12.409;419.622;-1;2;Autovettura privata;In marcia / fermata / arresto;Conducente;M;Ricoverato;0;NON DECEDUTO;Non accertato;Inesploso
4754576;16;15/01/2020 09:44;Strada Urbana;VIA AUGUSTO GAUDENZI;in prossimità;;del civico n.;27;;Veicolo in marcia contro veicolo in sosta;Rettilineo;Una carreggiata a doppio senso;Asciutto;Asfaltata;Assente;Sereno;Normale;Buona;Ore Diurne;0;0;0;0;123.863;418.793;-1;1;Autovettura pubblica;Sosta;;;;;;;
4754576;16;15/01/2020 09:44;Strada Urbana;VIA AUGUSTO GAUDENZI;in prossimità;;del civico n.;27;;Veicolo in marcia contro veicolo in sosta;Rettilineo;Una carreggiata a doppio senso;Asciutto;Asfaltata;Assente;Sereno;Normale;Buona;Ore Diurne;0;0;0;0;123.863;418.793;-1;2;Autocarro superiore 35 q.;In marcia / fermata / arresto;;;;;;;
4754586;1;16/01/2020 06:20;Strada Urbana;CORSO VITTORIO EMANUELE II;da specificare;;;;altezza p.zza pasquale paoli;Scontro frontale/laterale SX fra veicoli in marcia;Rettilineo;Una carreggiata a senso unico di marcia;Asciutto;Asfaltata;Verticale ed orizzontale;Sereno;Scarso;Buona;Ore Diurne;1;0;0;1;124.712;418.972;-1;1;Autocarro inferiore 35 q.;In marcia / fermata / arresto;Conducente;M;Illeso;0;;;
4754586;1;16/01/2020 06:20;Strada Urbana;CORSO VITTORIO EMANUELE II;da specificare;;;;altezza p.zza pasquale paoli;Scontro frontale/laterale SX fra veicoli in marcia;Rettilineo;Una carreggiata a senso unico di marcia;Asciutto;Asfaltata;Verticale ed orizzontale;Sereno;Scarso;Buona;Ore Diurne;1;0;0;1;124.712;418.972;-1;2;Motociclo a solo;In marcia / fermata / arresto;Conducente;M;Rimandato;0;NON DECEDUTO;Non accertato;
4754602;12;16/01/2020 11:45;Strada Urbana;VIALE DELL'AERONAUTICA;da specificare;;;;pross. Via dei Pirenei;Investimento di pedone;Rettilineo;Una carreggiata a doppio senso;Asciutto;Asfaltata;Verticale ed orizzontale;Sereno;Normale;Buona;Ore Diurne;1;0;0;2;12.474;418.265;-1;;;;Pedone;F;Rimandato;0;NON DECEDUTO;;
4754602;12;16/01/2020 11:45;Strada Urbana;VIALE DELL'AERONAUTICA;da specificare;;;;pross. Via dei Pirenei;Investimento di pedone;Rettilineo;Una carreggiata a doppio senso;Asciutto;Asfaltata;Verticale ed orizzontale;Sereno;Normale;Buona;Ore Diurne;1;0;0;2;12.474;418.265;-1;1;Autovettura privata;In marcia / fermata / arresto;Conducente;M;Illeso;0;;Utilizzato;Inesploso
4754602;12;16/01/2020 11:45;Strada Urbana;VIALE DELL'AERONAUTICA;da specificare;;;;pross. Via dei Pirenei;Investimento di pedone;Rettilineo;Una carreggiata a doppio senso;Asciutto;Asfaltata;Verticale ed orizzontale;Sereno;Normale;Buona;Ore Diurne;1;0;0;2;12.474;418.265;-1;1;Autovettura privata;In marcia / fermata / arresto;Passeggero;F;Illeso;0;;Utilizzato;Inesploso
4754605;20;16/01/2020 14:15;Strada Urbana;PIAZZA LAURO DE BOSIS;in corrispondenza;;del civico n.;2;;Scontro frontale/laterale SX fra veicoli in marcia;Curva a visuale libera;Una carreggiata a doppio senso;Asciutto;Asfaltata;Verticale ed orizzontale;Sereno;Normale;Buona;Ore Diurne;1;0;0;1;124.586;419.318;-1;1;Motociclo a solo;In marcia / fermata / arresto;Conducente;M;Ricoverato;0;NON DECEDUTO;Non accertato;
4754605;20;16/01/2020 14:15;Strada Urbana;PIAZZA LAURO DE BOSIS;in corrispondenza;;del civico n.;2;;Scontro frontale/laterale SX fra veicoli in marcia;Curva a visuale libera;Una carreggiata a doppio senso;Asciutto;Asfaltata;Verticale ed orizzontale;Sereno;Normale;Buona;Ore Diurne;1;0;0;1;124.586;419.318;-1;2;Autovettura privata;In marcia / fermata / arresto;Conducente;M;Illeso;0;;Non accertato;Inesploso
4754645;13;16/01/2020 11:35;Strada Urbana;VIA DANTE VAGLIERI;all'intersezione con;VIA GIULIANO DA SANGALLO;VIA GIULIANO DA SANGALLO;;;Scontro frontale/laterale DX fra veicoli in marcia;Incrocio;Una carreggiata a doppio senso;Asciutto;Asfaltata;Assente;Sereno;Normale;Buona;Ore Diurne;0;0;0;4;122.744;417.321;-1;1;Autovettura privata;In marcia / fermata / arresto;Conducente;M;Illeso;0;;;