Protocollo;Gruppo;DataOraIncidente;Localizzazione1;STRADA1;Localizzazione2;STRADA2;Strada02;Chilometrica;DaSpecificare;NaturaIncidente;particolaritastrade;TipoStrada;FondoStradale;Pavimentazione;Segnaletica;CondizioneAtmosferica;Traffico;Visibilita;Illuminazione;NUM_FERITI;NUM_RISERVATA;NUM_MORTI;NUM_ILLESI;Longitude;Latitude;Confermato;Progressivo;TipoVeicolo;StatoVeicolo;TipoPersona;Sesso;Tipolesione;Deceduto;DecedutoDopo;CinturaCascoUtilizzato;Airbag
4759515;13;19/01/2020 20:45;Strada Urbana;VIA DI SAPONARA;all'intersezione con;VIA FRANCESCO SAVERIO ALTAMURA;VIA FRANCESCO SAVERIO ALTAMURA;;;Scontro laterale fra veicoli in marcia;Intersezione stradale segnalata;Una carreggiata a doppio senso;Bagnato (umidità in atto);Asfaltata;Verticale ed orizzontale;Sereno;Normale;Buona;Sufficiente;0;0;0;3;123.459;417.744;-1;2;Autovettura privata;In marcia / fermata / arresto;Conducente;M;Illeso;0;;Non accertato;Inesploso
4759516;11;19/01/2020 00:45;Strada Urbana;VIALE GUGLIELMO MARCONI;da specificare;;;;PROSSIMITA' VIA CADUTI SENZA CROCE;Scontro laterale fra veicoli in marcia;Rettilineo;Due carreggiate;Bagnato (umidità in atto);Asfaltata;Verticale ed orizzontale;Sereno;Normale;Sufficiente;Sufficiente;0;0;0;6;124.739;418.511;-1;1;Autovettura privata;In marcia / fermata / arresto;Conducente;F;Illeso;0;;;
4759516;11;19/01/2020 00:45;Strada Urbana;VIALE GUGLIELMO MARCONI;da specificare;;;;PROSSIMITA' VIA CADUTI SENZA CROCE;Scontro laterale fra veicoli in marcia;Rettilineo;Due carreggiate;Bagnato (umidità in atto);Asfaltata;Verticale ed orizzontale;Sereno;Normale;Sufficiente;Sufficiente;0;0;0;6;124.739;418.511;-1;1;Autovettura privata;In marcia / fermata / arresto;Passeggero;M;Illeso;0;;;
4759516;11;19/01/2020 00:45;Strada Urbana;VIALE GUGLIELMO MARCONI;da specificare;;;;PROSSIMITA' VIA CADUTI SENZA CROCE;Scontro laterale fra veicoli in marcia;Rettilineo;Due carreggiate;Bagnato (umidità in atto);Asfaltata;Verticale ed orizzontale;Sereno;Normale;Sufficiente;Sufficiente;0;0;0;6;124.739;418.511;-1;1;Autovettura privata;In marcia / fermata / arresto;Passeggero;F;Illeso;0;;;
4759516;11;19/01/2020 00:45;Strada Urbana;VIALE GUGLIELMO MARCONI;da specificare;;;;PROSSIMITA' VIA CADUTI SENZA CROCE;Scontro laterale fra veicoli in marcia;Rettilineo;Due carreggiate;Bagnato (umidità in atto);Asfaltata;Verticale ed orizzontale;Sereno;Normale;Sufficiente;Sufficiente;0;0;0;6;124.739;418.511;-1;1;Autovettura privata;In marcia / fermata / arresto;Passeggero;F;Illeso;0;;;
4759516;11;19/01/2020 00:45;Strada Urbana;VIALE GUGLIELMO MARCONI;da specificare;;;;PROSSIMITA' VIA CADUTI SENZA CROCE;Scontro laterale fra veicoli in marcia;Rettilineo;Due carreggiate;Bagnato (umidità in atto);Asfaltata;Verticale ed orizzontale;Sereno;Normale;Sufficiente;Sufficiente;0;0;0;6;124.739;418.511;-1;2;Autovettura privata;In marcia / fermata / arresto;Conducente;M;Illeso;0;;;
4759516;11;19/01/2020 00:45;Strada Urbana;VIALE GUGLIELMO MARCONI;da specificare;;;;PROSSIMITA' VIA CADUTI SENZA CROCE;Scontro laterale fra veicoli in marcia;Rettilineo;Due carreggiate;Bagnato (umidità in atto);Asfaltata;Verticale ed orizzontale;Sereno;Normale;Sufficiente;Sufficiente;0;0;0;6;124.739;418.511;-1;2;Autovettura privata;In marcia / fermata / arresto;Passeggero;F;Illeso;0;;;
4759524;11;19/01/2020 15:00;Strada Urbana;VIA BERLINO;all'intersezione con;VIALE LONDRA;VIALE LONDRA;;;Scontro frontale/laterale SX fra veicoli in marcia;Incrocio;Una carreggiata a doppio senso;Bagnato (umidità in atto);Asfaltata;Verticale ed orizzontale;Nuvoloso;Scarso;Buona;Ore Diurne;0;0;0;2;125.134;418.421;-1;1;Autovettura privata;In marcia / fermata / arresto;Conducente;F;Illeso;0;;;
4759524;11;19/01/2020 15:00;Strada Urbana;VIA BERLINO;all'intersezione con;VIALE LONDRA;VIALE LONDRA;;;Scontro frontale/laterale SX fra veicoli in marcia;Incrocio;Una carreggiata a doppio senso;Bagnato (umidità in atto);Asfaltata;Verticale ed orizzontale;Nuvoloso;Scarso;Buona;Ore Diurne;0;0;0;2;125.134;418.421;-1;2;Autovettura privata;In marcia / fermata / arresto;Conducente;M;Illeso;0;;;
4759528;7;18/01/2020 23:00;Strada Urbana;VIA DEGLI ACERI;all'intersezione con;VIA DEI FRASSINI;VIA DEI FRASSINI;;;Scontro frontale/laterale DX fra veicoli in marcia;Incrocio;Una carreggiata a senso unico di marcia;Bagnato (umidità in atto);Asfaltata;Verticale ed orizzontale;Nuvoloso;Scarso;Buona;Sufficiente;1;0;0;5;125.678;418.782;-1;1;Autovettura privata;In marcia / fermata / arresto;Conducente;M;Illeso;0;;Non accertato;Inesploso
4759528;7;18/01/2020 23:00;Strada Urbana;VIA DEGLI ACERI;all'intersezione con;VIA DEI FRASSINI;VIA DEI FRASSINI;;;Scontro frontale/laterale DX fra veicoli in marcia;Incrocio;Una carreggiata a senso unico di marcia;Bagnato (umidità in atto);Asfaltata;Verticale ed orizzontale;Nuvoloso;Scarso;Buona;Sufficiente;1;0;0;5;125.678;418.782;-1;1;Autovettura privata;In marcia / fermata / arresto;Passeggero;M;Illeso;0;;Non accertato;Inesploso
4759528;7;18/01/2020 23:00;Strada Urbana;VIA DEGLI ACERI;all'intersezione con;VIA DEI FRASSINI;VIA DEI FRASSINI;;;Scontro frontale/laterale DX fra veicoli in marcia;Incrocio;Una carreggiata a senso unico di marcia;Bagnato (umidità in atto);Asfaltata;Verticale ed orizzontale;Nuvoloso;Scarso;Buona;Sufficiente;1;0;0;5;125.678;418.782;-1;1;Autovettura privata;In marcia / fermata / arresto;Passeggero;M;Illeso;0;;Non accertato;Inesploso
4759528;7;18/01/2020 23:00;Strada Urbana;VIA DEGLI ACERI;all'intersezione con;VIA DEI FRASSINI;VIA DEI FRASSINI;;;Scontro frontale/laterale DX fra veicoli in marcia;Incrocio;Una carreggiata a senso unico di marcia;Bagnato (umidità in atto);Asfaltata;Verticale ed orizzontale;Nuvoloso;Scarso;Buona;Sufficiente;1;0;0;5;125.678;418.782;-1;2;Autovettura privata;In marcia / fermata / arresto;Conducente;M;Rimandato;0;NON DECEDUTO;Non accertato;Inesploso
4759528;7;18/01/2020 23:00;Strada Urbana;VIA DEGLI ACERI;all'intersezione con;VIA DEI FRASSINI;VIA DEI FRASSINI;;;Scontro frontale/laterale DX fra veicoli in marcia;Incrocio;Una carreggiata a senso unico di marcia;Bagnato (umidità in atto);Asfaltata;Verticale ed orizzontale;Nuvoloso;Scarso;Buona;Sufficiente;1;0;0;5;125.678;418.782;-1;2;Autovettura privata;In marcia / fermata / arresto;Passeggero;M;Illeso;0;;Non accertato;Inesploso
4759528;7;18/01/2020 23:00;Strada Urbana;VIA DEGLI ACERI;all'intersezione con;VIA DEI FRASSINI;VIA DEI FRASSINI;;;Scontro frontale/laterale DX fra veicoli in marcia;Incrocio;Una carreggiata a senso unico di marcia;Bagnato (umidità in atto);Asfaltata;Verticale ed orizzontale;Nuvoloso;Scarso;Buona;Sufficiente;1;0;0;5;125.678;418.782;-1;2;Autovettura privata;In marcia / fermata / arresto;Passeggero;M;Illeso;0;;Non accertato;Inesploso
4759528;7;18/01/2020 23:00;Strada Urbana;VIA DEGLI ACERI;all'intersezione con;VIA DEI FRASSINI;VIA DEI FRASSINI;;;Scontro frontale/laterale DX fra veicoli in marcia;Incrocio;Una carreggiata a senso unico di marcia;Bagnato (umidità in atto);Asfaltata;Verticale ed orizzontale;Nuvoloso;Scarso;Buona;Sufficiente;1;0;0;5;125.678;418.782;-1;3;Autovettura privata;Sosta;;;;;;;
4759532;11;18/01/2020 15:30;Strada Urbana;VIA DEL PORTO FLUVIALE;all'intersezione con;VIA DEL COMMERCIO;VIA DEL COMMERCIO;;;Infortunio per sola frenata improvvisa;Intersezione stradale segnalata;Una carreggiata a doppio senso;Bagnato (pioggia);Asfaltata;Verticale ed orizzontale;Nuvoloso;Normale;Buona;Ore Diurne;0;0;0;2;124.751;418.723;-1;1;Ciclomotore;In marcia / fermata / arresto;Conducente;M;Illeso;0;;;
4759532;11;18/01/2020 15:30;Strada Urbana;VIA DEL PORTO FLUVIALE;all'intersezione con;VIA DEL COMMERCIO;VIA DEL COMMERCIO;;;Infortunio per sola frenata improvvisa;Intersezione stradale segnalata;Una carreggiata a doppio senso;Bagnato (pioggia);Asfaltata;Verticale ed orizzontale;Nuvoloso;Normale;Buona;Ore Diurne;0;0;0;2;124.751;418.723;-1;1;Ciclomotore;In marcia / fermata / arresto;Passeggero;F;Illeso;0;;;
4759534;5;18/01/2020 12:50;Strada Urbana;VIA TINO BUAZZELLI;all'intersezione con;VIA ROMOLO VALLI;VIA ROMOLO VALLI;;;Scontro laterale fra veicoli in marcia;Incrocio;Una carreggiata a doppio senso;Bagnato (pioggia);Asfaltata;Verticale ed orizzontale;Nuvoloso;Normale;Buona;Ore Diurne;0;0;0;2;125.683;419.433;-1;1;Autovettura privata;In marcia / fermata / arresto;Conducente;F;Illeso;0;;Non accertato;Inesploso
4759534;5;18/01/2020 12:50;Strada Urbana;VIA TINO BUAZZELLI;all'intersezione con;VIA ROMOLO VALLI;VIA ROMOLO VALLI;;;Scontro laterale fra veicoli in marcia;Incrocio;Una carreggiata a doppio senso;Bagnato (pioggia);Asfaltata;Verticale ed orizzontale;Nuvoloso;Normale;Buona;Ore Diurne;0;0;0;2;125.683;419.433;-1;2;Autovettura privata;In marcia / fermata / arresto;Conducente;M;Illeso;0;;Non accertato;Inesploso
4759539;19;19/01/2020 17:30;Strada Urbana;VIA ALESSANDRO AVOLI;all'intersezione con;VIA ANGELO FAVA;VIA ANGELO FAVA;;;Scontro laterale fra veicoli in marcia;Intersezione non regolata/non segnalata;Una carreggiata a senso unico di marcia;Asciutto;Asfaltata;Assente;Sereno;Scarso;Sufficiente;Sufficiente;0;0;0;6;12.425;419.412;-1;1;Autovettura privata;In marcia / fermata / arresto;Conducente;M;Illeso;0;;Non accertato;Inesploso
4759539;19;19/01/2020 17:30;Strada Urbana;VIA ALESSANDRO AVOLI;all'intersezione con;VIA ANGELO FAVA;VIA ANGELO FAVA;;;Scontro laterale fra veicoli in marcia;Intersezione non regolata/non segnalata;Una carreggiata a senso unico di marcia;Asciutto;Asfaltata;Assente;Sereno;Scarso;Sufficiente;Sufficiente;0;0;0;6;12.425;419.412;-1;1;Autovettura privata;In marcia / fermata / arresto;Passeggero;F;Illeso;0;;Non accertato;Inesploso
4759539;19;19/01/2020 17:30;Strada Urbana;VIA ALESSANDRO AVOLI;all'intersezione con;VIA ANGELO FAVA;VIA ANGELO FAVA;;;Scontro laterale fra veicoli in marcia;Intersezione non regolata/non segnalata;Una carreggiata a senso unico di marcia;Asciutto;Asfaltata;Assente;Sereno;Scarso;Sufficiente;Sufficiente;0;0;0;6;12.425;419.412;-1;1;Autovettura privata;In marcia / fermata / arresto;Passeggero;M;Illeso;0;;Non accertato;Inesploso
4759539;19;19/01/2020 17:30;Strada Urbana;VIA ALESSANDRO AVOLI;all'intersezione con;VIA ANGELO FAVA;VIA ANGELO FAVA;;;Scontro laterale fra veicoli in marcia;Intersezione non regolata/non segnalata;Una carreggiata a senso unico di marcia;Asciutto;Asfaltata;Assente;Sereno;Scarso;Sufficiente;Sufficiente;0;0;0;6;12.425;419.412;-1;2;Autovettura privata;In marcia / fermata / arresto;Conducente;M;Illeso;0;;Non accertato;Inesploso
4759539;19;19/01/2020 17:30;Strada Urbana;VIA ALESSANDRO AVOLI;all'intersezione con;VIA ANGELO FAVA;VIA ANGELO FAVA;;;Scontro laterale fra veicoli in marcia;Intersezione non regolata/non segnalata;Una carreggiata a senso unico di marcia;Asciutto;Asfaltata;Assente;Sereno;Scarso;Sufficiente;Sufficiente;0;0;0;6;12.425;419.412;-1;2;Autovettura privata;In marcia / fermata / arresto;Passeggero;F;Illeso;0;;Non accertato;Inesploso
4759539;19;19/01/2020 17:30;Strada Urbana;VIA ALESSANDRO AVOLI;all'intersezione con;VIA ANGELO FAVA;VIA ANGELO FAVA;;;Scontro laterale fra veicoli in marcia;Intersezione non regolata/non segnalata;Una carreggiata a senso unico di marcia;Asciutto;Asfaltata;Assente;Sereno;Scarso;Sufficiente;Sufficiente;0;0;0;6;12.425;419.412;-1;2;Autovettura privata;In marcia / fermata / arresto;Passeggero;M;Illeso;0;;Non accertato;Inesploso
4759552;16;17/01/2020 08:15;Strada Urbana;VIA DEI FELTRESCHI;in corrispondenza;;del civico n.;5/D;;Scontro frontale/laterale SX fra veicoli in marcia;Rettilineo;Una carreggiata a senso unico di marcia;Asciutto;Asfaltata;Assente;Sereno;Normale;Buona;Ore Diurne;1;0;0;2;124.236;418.836;-1;1;Motociclo a solo;In marcia / fermata / arresto;Conducente;M;Rimandato;0;NON DECEDUTO;Non accertato;
4759552;16;17/01/2020 08:15;Strada Urbana;VIA DEI FELTRESCHI;in corrispondenza;;del civico n.;5/D;;Scontro frontale/laterale SX fra veicoli in marcia;Rettilineo;Una carreggiata a senso unico di marcia;Asciutto;Asfaltata;Assente;Sereno;Normale;Buona;Ore Diurne;1;0;0;2;124.236;418.836;-1;2;Autovettura privata;In marcia / fermata / arresto;Conducente;M;Illeso;0;;Non accertato;Inesploso
4759552;16;17/01/2020 08:15;Strada Urbana;VIA DEI FELTRESCHI;in corrispondenza;;del civico n.;5/D;;Scontro frontale/laterale SX fra veicoli in marcia;Rettilineo;Una carreggiata a senso unico di marcia;Asciutto;Asfaltata;Assente;Sereno;Normale;Buona;Ore Diurne;1;0;0;2;124.236;418.836;-1;2;Autovettura privata;In marcia / fermata / arresto;Passeggero;M;Illeso;0;;Non accertato;Inesploso
4759552;16;17/01/2020 08:15;Strada Urbana;VIA DEI FELTRESCHI;in corrispondenza;;del civico n.;5/D;;Scontro frontale/laterale SX fra veicoli in marcia;Rettilineo;Una carreggiata a senso unico di marcia;Asciutto;Asfaltata;Assente;Sereno;Normale;Buona;Ore Diurne;1;0;0;2;124.236;418.836;-1;3;Motociclo a solo;Sosta;;;;;;;
4759552;16;17/01/2020 08:15;Strada Urbana;VIA DEI FELTRESCHI;in corrispondenza;;del civico n.;5/D;;Scontro frontale/laterale SX fra veicoli in marcia;Rettilineo;Una carreggiata a senso unico di marcia;Asciutto;Asfaltata;Assente;Sereno;Normale;Buona;Ore Diurne;1;0;0;2;124.236;418.836;-1;4;Motociclo a solo;Sosta;;;;;;;
4759552;16;17/01/2020 08:15;Strada Urbana;VIA DEI FELTRESCHI;in corrispondenza;;del civico n.;5/D;;Scontro frontale/laterale SX fra veicoli in marcia;Rettilineo;Una carreggiata a senso unico di marcia;Asciutto;Asfaltata;Assente;Sereno;Normale;Buona;Ore Diurne;1;0;0;2;124.236;418.836;-1;5;Motociclo a solo;Sosta;;;;;;;
4759554;5;19/01/2020 10:30;Strada Urbana;VIA SAN SEVERINO MARCHE;in prossimità;;del civico n.;13;;Veicolo in marcia contro ostacolo fisso;Curva a visuale libera;Una carreggiata a doppio senso;Asciutto;Asfaltata;Assente;Sereno;Scarso;Buona;Ore Diurne;0;0;0;1;12.586;419.435;-1;1;Autovettura privata;In marcia / fermata / arresto;Conducente;F;Illeso;0;;Non accertato;
4759557;1;19/01/2020 21:17;Strada Urbana;VIA MERULANA;all'intersezione semaforizzata con;LARGO BRANCACCIO;LARGO BRANCACCIO;;;Scontro frontale/laterale DX fra veicoli in marcia;Intersezione semaforizzata;Una carreggiata a doppio senso;Asciutto;Asfaltata;Verticale ed orizzontale;Sereno;Scarso;Sufficiente;Sufficiente;1;0;0;5;125.021;418.917;-1;1;Autovettura privata;In marcia / fermata / arresto;Conducente;F;Rimandato;0;NON DECEDUTO;Non accertato;Inesploso
4759557;1;19/01/2020 21:17;Strada Urbana;VIA MERULANA;all'intersezione semaforizzata con;LARGO BRANCACCIO;LARGO BRANCACCIO;;;Scontro frontale/laterale DX fra veicoli in marcia;Intersezione semaforizzata;Una carreggiata a doppio senso;Asciutto;Asfaltata;Verticale ed orizzontale;Sereno;Scarso;Sufficiente;Sufficiente;1;0;0;5;125.021;418.917;-1;2;Veicolo speciale;In marcia / fermata / arresto;Conducente;M;Illeso;0;;;
4759557;1;19/01/2020 21:17;Strada Urbana;VIA MERULANA;all'intersezione semaforizzata con;LARGO BRANCACCIO;LARGO BRANCACCIO;;;Scontro frontale/laterale DX fra veicoli in marcia;Intersezione semaforizzata;Una carreggiata a doppio senso;Asciutto;Asfaltata;Verticale ed orizzontale;Sereno;Scarso;Sufficiente;Sufficiente;1;0;0;5;125.021;418.917;-1;2;Veicolo speciale;In marcia / fermata / arresto;Passeggero;M;Illeso;0;;;
4759557;1;19/01/2020 21:17;Strada Urbana;VIA MERULANA;all'intersezione semaforizzata con;LARGO BRANCACCIO;LARGO BRANCACCIO;;;Scontro frontale/laterale DX fra veicoli in marcia;Intersezione semaforizzata;Una carreggiata a doppio senso;Asciutto;Asfaltata;Verticale ed orizzontale;Sereno;Scarso;Sufficiente;Sufficiente;1;0;0;5;125.021;418.917;-1;2;Veicolo speciale;In marcia / fermata / arresto;Passeggero;M;Illeso;0;;;
4759557;1;19/01/2020 21:17;Strada Urbana;VIA MERULANA;all'intersezione semaforizzata con;LARGO BRANCACCIO;LARGO BRANCACCIO;;;Scontro frontale/laterale DX fra veicoli in marcia;Intersezione semaforizzata;Una carreggiata a doppio senso;Asciutto;Asfaltata;Verticale ed orizzontale;Sereno;Scarso;Sufficiente;Sufficiente;1;0;0;5;125.021;418.917;-1;2;Veicolo speciale;In marcia / fermata / arresto;Passeggero;M;Illeso;0;;;
4759557;1;19/01/2020 21:17;Strada Urbana;VIA MERULANA;all'intersezione semaforizzata con;LARGO BRANCACCIO;LARGO BRANCACCIO;;;Scontro frontale/laterale DX fra veicoli in marcia;Intersezione semaforizzata;Una carreggiata a doppio senso;Asciutto;Asfaltata;Verticale ed orizzontale;Sereno;Scarso;Sufficiente;Sufficiente;1;0;0;5;125.021;418.917;-1;2;Veicolo speciale;In marcia / fermata / arresto;Passeggero;M;Illeso;0;;;
4759564;3;16/01/2020 11:30;Strada Urbana;CIRCONVALLAZIONE NOMENTANA;da specificare;;;;direzioen san giovanni altezza civico 156;Veicolo in marcia contro veicoli in sosta;Rettilineo;Una carreggiata a senso unico di marcia;Asciutto;Asfaltata;Verticale ed orizzontale;Sereno;Normale;Buona;Sufficiente;0;0;0;1;12.527;419.196;-1;1;Autovettura privata;Sosta;;;;;;;
4759564;3;16/01/2020 11:30;Strada Urbana;CIRCONVALLAZIONE NOMENTANA;da specificare;;;;direzioen san giovanni altezza civico 156;Veicolo in marcia contro veicoli in sosta;Rettilineo;Una carreggiata a senso unico di marcia;Asciutto;Asfaltata;Verticale ed orizzontale;Sereno;Normale;Buona;Sufficiente;0;0;0;1;12.527;419.196;-1;2;Autovettura privata;Sosta;;;;;;;
4759564;3;16/01/2020 11:30;Strada Urbana;CIRCONVALLAZIONE NOMENTANA;da specificare;;;;direzioen san giovanni altezza civico 156;Veicolo in marcia contro veicoli in sosta;Rettilineo;Una carreggiata a senso unico di marcia;Asciutto;Asfaltata;Verticale ed orizzontale;Sereno;Normale;Buona;Sufficiente;0;0;0;1;12.527;419.196;-1;3;Autovettura privata;In marcia / fermata / arresto;Conducente;M;Illeso;0;;;
4759568;19;19/01/2020 13:55;Strada Urbana;VIA TRIONFALE;in prossimità;;del civico n.;8904;;Veicolo in marcia contro veicolo in sosta;Rettilineo;Una carreggiata a doppio senso;Asciutto;Asfaltata;Orizzontale;Nuvoloso;Normale;Buona;Ore Diurne;0;0;0;2;124.219;419.413;-1;1;Autovettura privata;Sosta;Passeggero;M;Illeso;0;;Non accertato;Inesploso
4759568;19;19/01/2020 13:55;Strada Urbana;VIA TRIONFALE;in prossimità;;del civico n.;8904;;Veicolo in marcia contro veicolo in sosta;Rettilineo;Una carreggiata a doppio senso;Asciutto;Asfaltata;Orizzontale;Nuvoloso;Normale;Buona;Ore Diurne;0;0;0;2;124.219;419.413;-1;2;Autobus di linea;In marcia / fermata / arresto;Conducente;M;Illeso;0;;Non accertato;Inesploso
4759588;10;19/01/2020 18:10;Strada Urbana;VIA APPIA NUOVA;in prossimità;;del civico n.;1257;;Scontro laterale fra veicoli in marcia;Rettilineo;Una carreggiata a senso unico di marcia;Asciutto;Asfaltata;Verticale ed orizzontale;Nuvoloso;Normale;Sufficiente;Sufficiente;0;0;0;3;125.735;418.151;-1;1;Autovettura privata;In marcia / fermata / arresto;Conducente;F;Illeso;0;;Non accertato;Inesploso
4759588;10;19/01/2020 18:10;Strada Urbana;VIA APPIA NUOVA;in prossimità;;del civico n.;1257;;Scontro laterale fra veicoli in marcia;Rettilineo;Una carreggiata a senso unico di marcia;Asciutto;Asfaltata;Verticale ed orizzontale;Nuvoloso;Normale;Sufficiente;Sufficiente;0;0;0;3;125.735;418.151;-1;1;Autovettura privata;In marcia / fermata / arresto;Passeggero;M;Illeso;0;;Non accertato;Inesploso
4759588;10;19/01/2020 18:10;Strada Urbana;VIA APPIA NUOVA;in prossimità;;del civico n.;1257;;Scontro laterale fra veicoli in marcia;Rettilineo;Una carreggiata a senso unico di marcia;Asciutto;Asfaltata;Verticale ed orizzontale;Nuvoloso;Normale;Sufficiente;Sufficiente;0;0;0;3;125.735;418.151;-1;2;Autovettura privata;In marcia / fermata / arresto;Conducente;M;Illeso;0;;Non accertato;Inesploso
4759599;19;20/01/2020 00:30;Strada Urbana;PIAZZA DEI GIURECONSULTI;all'intersezione con;VIA DI BOCCEA;VIA DI BOCCEA;;;Scontro laterale fra veicoli in marcia;Incrocio;Una carreggiata a doppio senso;Asciutto;Asfaltata;Assente;Nuvoloso;Scarso;Buona;Sufficiente;0;0;0;3;124.257;419.019;-1;1;Autovettura privata;In marcia / fermata / arresto;Conducente;F;Illeso;0;;;
4759599;19;20/01/2020 00:30;Strada Urbana;PIAZZA DEI GIURECONSULTI;all'intersezione con;VIA DI BOCCEA;VIA DI BOCCEA;;;Scontro laterale fra veicoli in marcia;Incrocio;Una carreggiata a doppio senso;Asciutto;Asfaltata;Assente;Nuvoloso;Scarso;Buona;Sufficiente;0;0;0;3;124.257;419.019;-1;2;Autovettura privata;In marcia / fermata / arresto;Conducente;M;Illeso;0;;;
4759599;19;20/01/2020 00:30;Strada Urbana;PIAZZA DEI GIURECONSULTI;all'intersezione con;VIA DI BOCCEA;VIA DI BOCCEA;;;Scontro laterale fra veicoli in marcia;Incrocio;Una carreggiata a doppio senso;Asciutto;Asfaltata;Assente;Nuvoloso;Scarso;Buona;Sufficiente;0;0;0;3;124.257;419.019;-1;2;Autovettura privata;In marcia / fermata / arresto;Passeggero;F;Illeso;0;;;
4759621;16;17/01/2020 13:35;Strada Urbana;VIA LUDOVICA ALBERTONI;all'intersezione con;VIA FRANCESCO MARIA GALLUZZI;VIA FRANCESCO MARIA GALLUZZI;;;Scontro frontale/laterale DX fra veicoli in marcia;Incrocio;Una carreggiata a senso unico di marcia;Asciutto;Asfaltata;Assente;Sereno;Normale;Buona;Ore Diurne;1;0;0;3;124.442;418.782;-1;1;Autovettura privata;In marcia / fermata / arresto;Conducente;M;Rimandato;0;NON DECEDUTO;Non accertato;Esploso
4759621;16;17/01/2020 13:35;Strada Urbana;VIA LUDOVICA ALBERTONI;all'intersezione con;VIA FRANCESCO MARIA GALLUZZI;VIA FRANCESCO MARIA GALLUZZI;;;Scontro frontale/laterale DX fra veicoli in marcia;Incrocio;Una carreggiata a senso unico di marcia;Asciutto;Asfaltata;Assente;Sereno;Normale;Buona;Ore Diurne;1;0;0;3;124.442;418.782;-1;2;Autovettura privata;In marcia / fermata / arresto;Conducente;M;Illeso;0;;Non accertato;Esploso
4759621;16;17/01/2020 13:35;Strada Urbana;VIA LUDOVICA ALBERTONI;all'intersezione con;VIA FRANCESCO MARIA GALLUZZI;VIA FRANCESCO MARIA GALLUZZI;;;Scontro frontale/laterale DX fra veicoli in marcia;Incrocio;Una carreggiata a senso unico di marcia;Asciutto;Asfaltata;Assente;Sereno;Normale;Buona;Ore Diurne;1;0;0;3;124.442;418.782;-1;2;Autovettura privata;In marcia / fermata / arresto;Passeggero;M;Illeso;0;;Non accertato;Inesploso
4759621;16;17/01/2020 13:35;Strada Urbana;VIA LUDOVICA ALBERTONI;all'intersezione con;VIA FRANCESCO MARIA GALLUZZI;VIA FRANCESCO MARIA GALLUZZI;;;Scontro frontale/laterale DX fra veicoli in marcia;Incrocio;Una carreggiata a senso unico di marcia;Asciutto;Asfaltata;Assente;Sereno;Normale;Buona;Ore Diurne;1;0;0;3;124.442;418.782;-1;3;Autovettura privata;Sosta;;;;;;;
4759621;16;17/01/2020 13:35;Strada Urbana;VIA LUDOVICA ALBERTONI;all'intersezione con;VIA FRANCESCO MARIA GALLUZZI;VIA FRANCESCO MARIA GALLUZZI;;;Scontro frontale/laterale DX fra veicoli in marcia;Incrocio;Una carreggiata a senso unico di marcia;Asciutto;Asfaltata;Assente;Sereno;Normale;Buona;Ore Diurne;1;0;0;3;124.442;418.782;-1;4;Autovettura privata;Sosta;;;;;;;
4759624;4;18/01/2020 13:30;Statale;VIA SALARIA;in prossimità;;della chilometrica;16.4;;Scontro frontale/laterale DX fra veicoli in marcia;Rettilineo;Una carreggiata a doppio senso;Bagnato (pioggia);Asfaltata;Verticale ed orizzontale;Pioggia in atto;Normale;Buona;Ore Diurne;0;0;0;3;125.115;419.873;-1;1;Autovettura privata;In marcia / fermata / arresto;Conducente;M;Illeso;0;;Non accertato;Inesploso
4759624;4;18/01/2020 13:30;Statale;VIA SALARIA;in prossimità;;della chilometrica;16.4;;Scontro frontale/laterale DX fra veicoli in marcia;Rettilineo;Una carreggiata a doppio senso;Bagnato (pioggia);Asfaltata;Verticale ed orizzontale;Pioggia in atto;Normale;Buona;Ore Diurne;0;0;0;3;125.115;419.873;-1;1;Autovettura privata;In marcia / fermata / arresto;Passeggero;M;Illeso;0;;Non accertato;Inesploso
4759624;4;18/01/2020 13:30;Statale;VIA SALARIA;in prossimità;;della chilometrica;16.4;;Scontro frontale/laterale DX fra veicoli in marcia;Rettilineo;Una carreggiata a doppio senso;Bagnato (pioggia);Asfaltata;Verticale ed orizzontale;Pioggia in atto;Normale;Buona;Ore Diurne;0;0;0;3;125.115;419.873;-1;2;Autovettura privata;In marcia / fermata / arresto;Conducente;M;Illeso;0;;Non accertato;Inesploso
4759629;19;19/01/2020 04:30;Strada Urbana;VIA PASQUALE II;in corrispondenza;;del civico n.;240;;Veicolo in marcia contro veicoli in sosta;Rettilineo;Una carreggiata a doppio senso;Asciutto;Asfaltata;Assente;Sereno;Scarso;Sufficiente;Sufficiente;0;0;0;1;124.091;419.076;-1;1;Autovettura privata;Sosta;;;;;;;
4759629;19;19/01/2020 04:30;Strada Urbana;VIA PASQUALE II;in corrispondenza;;del civico n.;240;;Veicolo in marcia contro veicoli in sosta;Rettilineo;Una carreggiata a doppio senso;Asciutto;Asfaltata;Assente;Sereno;Scarso;Sufficiente;Sufficiente;0;0;0;1;124.091;419.076;-1;2;Autovettura privata;Sosta;;;;;;;
4759629;19;19/01/2020 04:30;Strada Urbana;VIA PASQUALE II;in corrispondenza;;del civico n.;240;;Veicolo in marcia contro veicoli in sosta;Rettilineo;Una carreggiata a doppio senso;Asciutto;Asfaltata;Assente;Sereno;Scarso;Sufficiente;Sufficiente;0;0;0;1;124.091;419.076;-1;3;Autovettura privata;Sosta;;;;;;;