Protocollo;Gruppo;DataOraIncidente;Localizzazione1;STRADA1;Localizzazione2;STRADA2;Strada02;Chilometrica;DaSpecificare;NaturaIncidente;particolaritastrade;TipoStrada;FondoStradale;Pavimentazione;Segnaletica;CondizioneAtmosferica;Traffico;Visibilita;Illuminazione;NUM_FERITI;NUM_RISERVATA;NUM_MORTI;NUM_ILLESI;Longitude;Latitude;Confermato;Progressivo;TipoVeicolo;StatoVeicolo;TipoPersona;Sesso;Tipolesione;Deceduto;DecedutoDopo;CinturaCascoUtilizzato;Airbag
4776534;11;30/01/2020 01:40;Strada Urbana;VIALE GIUSTINIANO IMPERATORE;all'intersezione con;VIA TITO;VIA TITO;;;Veicolo in marcia contro veicolo in sosta;Incrocio;Una carreggiata a senso unico di marcia;Asciutto;Asfaltata;Verticale ed orizzontale;Sereno;Scarso;Buona;Sufficiente;0;0;0;3;124.878;418.544;-1;2;Autovettura privata;Sosta;;;;;;;
4776544;4;29/01/2020 19:55;Strada Urbana;VIA DOMENICO COMPARETTI;all'intersezione con;VIA TEOFILO FOLENGO;VIA TEOFILO FOLENGO;;;Scontro frontale/laterale SX fra veicoli in marcia;Incrocio;Una carreggiata a senso unico di marcia;Asciutto;Asfaltata;Verticale;Sereno;Normale;Sufficiente;Sufficiente;2;0;0;1;125.513;419.427;-1;1;Autovettura privata;In marcia / fermata / arresto;Conducente;M;Rifiuta cure immediate;0;NON DECEDUTO;;
4776544;4;29/01/2020 19:55;Strada Urbana;VIA DOMENICO COMPARETTI;all'intersezione con;VIA TEOFILO FOLENGO;VIA TEOFILO FOLENGO;;;Scontro frontale/laterale SX fra veicoli in marcia;Incrocio;Una carreggiata a senso unico di marcia;Asciutto;Asfaltata;Verticale;Sereno;Normale;Sufficiente;Sufficiente;2;0;0;1;125.513;419.427;-1;1;Autovettura privata;In marcia / fermata / arresto;Passeggero;F;Rifiuta cure immediate;0;NON DECEDUTO;;
4776544;4;29/01/2020 19:55;Strada Urbana;VIA DOMENICO COMPARETTI;all'intersezione con;VIA TEOFILO FOLENGO;VIA TEOFILO FOLENGO;;;Scontro frontale/laterale SX fra veicoli in marcia;Incrocio;Una carreggiata a senso unico di marcia;Asciutto;Asfaltata;Verticale;Sereno;Normale;Sufficiente;Sufficiente;2;0;0;1;125.513;419.427;-1;2;Autovettura privata;In marcia / fermata / arresto;Conducente;F;Illeso;0;;;
4776555;10;29/01/2020 10:00;Statale;VIA APPIA NUOVA;all'intersezione con;VIA DELLE CAPANNELLE;VIA DELLE CAPANNELLE;;;Scontro laterale fra veicoli in marcia;Intersezione semaforizzata;Due carreggiate;Asciutto;Asfaltata;Verticale ed orizzontale;Nuvoloso;Intenso;Buona;Ore Diurne;0;0;0;2;12.562;418.246;-1;1;Autovettura privata;In marcia / fermata / arresto;Conducente;M;Illeso;0;;Non accertato;Inesploso
4776555;10;29/01/2020 10:00;Statale;VIA APPIA NUOVA;all'intersezione con;VIA DELLE CAPANNELLE;VIA DELLE CAPANNELLE;;;Scontro laterale fra veicoli in marcia;Intersezione semaforizzata;Due carreggiate;Asciutto;Asfaltata;Verticale ed orizzontale;Nuvoloso;Intenso;Buona;Ore Diurne;0;0;0;2;12.562;418.246;-1;2;Motociclo a solo;In marcia / fermata / arresto;Conducente;M;Illeso;0;;Non accertato;
4776557;11;29/01/2020 17:00;Strada Urbana;VIA ARDEATINA;in prossimità;;del civico n.;164;;Scontro frontale/laterale SX fra veicoli in marcia;Rettilineo;Una carreggiata a doppio senso;Asciutto;Asfaltata;Verticale ed orizzontale;Sereno;Normale;Buona;Ore Diurne;1;0;0;1;125.082;418.583;-1;1;Autovettura privata;In marcia / fermata / arresto;Conducente;M;Illeso;0;;;
4776557;11;29/01/2020 17:00;Strada Urbana;VIA ARDEATINA;in prossimità;;del civico n.;164;;Scontro frontale/laterale SX fra veicoli in marcia;Rettilineo;Una carreggiata a doppio senso;Asciutto;Asfaltata;Verticale ed orizzontale;Sereno;Normale;Buona;Ore Diurne;1;0;0;1;125.082;418.583;-1;2;Motociclo a solo;In marcia / fermata / arresto;Conducente;M;Rimandato;0;NON DECEDUTO;;
4776560;13;29/01/2020 16:00;Strada Urbana;PIAZZALE CRISTOFORO COLOMBO;da specificare;;;;rotatoria;Scontro frontale/laterale SX fra veicoli in marcia;Rotatoria;Una carreggiata a doppio senso;Asciutto;Asfaltata;Orizzontale;Sereno;Normale;Buona;Ore Diurne;1;0;0;2;124.536;418.089;-1;1;Autovettura privata;In marcia / fermata / arresto;Conducente;F;Ricoverato;0;NON DECEDUTO;Non accertato;Inesploso
4776560;13;29/01/2020 16:00;Strada Urbana;PIAZZALE CRISTOFORO COLOMBO;da specificare;;;;rotatoria;Scontro frontale/laterale SX fra veicoli in marcia;Rotatoria;Una carreggiata a doppio senso;Asciutto;Asfaltata;Orizzontale;Sereno;Normale;Buona;Ore Diurne;1;0;0;2;124.536;418.089;-1;2;Autovettura privata;In marcia / fermata / arresto;Conducente;M;Illeso;0;;Non accertato;Inesploso
4776560;13;29/01/2020 16:00;Strada Urbana;PIAZZALE CRISTOFORO COLOMBO;da specificare;;;;rotatoria;Scontro frontale/laterale SX fra veicoli in marcia;Rotatoria;Una carreggiata a doppio senso;Asciutto;Asfaltata;Orizzontale;Sereno;Normale;Buona;Ore Diurne;1;0;0;2;124.536;418.089;-1;2;Autovettura privata;In marcia / fermata / arresto;Passeggero;M;Illeso;0;;Non accertato;Inesploso
4776566;10;29/01/2020 19:45;Strada Urbana;VIA MAGNAGRECIA;all'intersezione semaforizzata con;VIA AMITERNO;VIA AMITERNO;;;Investimento di pedone;Intersezione semaforizzata;Una carreggiata a doppio senso;Asciutto;Asfaltata;Verticale ed orizzontale;Sereno;Normale;Sufficiente;Sufficiente;1;0;0;2;125.084;418.822;-1;;;;Pedone;F;Rimandato;0;NON DECEDUTO;;
4776566;10;29/01/2020 19:45;Strada Urbana;VIA MAGNAGRECIA;all'intersezione semaforizzata con;VIA AMITERNO;VIA AMITERNO;;;Investimento di pedone;Intersezione semaforizzata;Una carreggiata a doppio senso;Asciutto;Asfaltata;Verticale ed orizzontale;Sereno;Normale;Sufficiente;Sufficiente;1;0;0;2;125.084;418.822;-1;1;Autovettura privata;In marcia / fermata / arresto;Conducente;M;Illeso;0;;Non accertato;Inesploso
4776566;10;29/01/2020 19:45;Strada Urbana;VIA MAGNAGRECIA;all'intersezione semaforizzata con;VIA AMITERNO;VIA AMITERNO;;;Investimento di pedone;Intersezione semaforizzata;Una carreggiata a doppio senso;Asciutto;Asfaltata;Verticale ed orizzontale;Sereno;Normale;Sufficiente;Sufficiente;1;0;0;2;125.084;418.822;-1;1;Autovettura privata;In marcia / fermata / arresto;Passeggero;F;Illeso;0;;Non accertato;Inesploso
4776570;18;29/01/2020 14:10;Statale entro l'abitato;VIA AURELIA;in corrispondenza;;della chilometrica;7.7;;Tamponamento Multiplo;Rettilineo;Due carreggiate;Asciutto;Asfaltata;Verticale;Sereno;Intenso;Buona;Ore Diurne;1;0;0;2;124.083;41.889;-1;1;Autovettura privata;In marcia / fermata / arresto;Conducente;M;Illeso;0;;;
4776570;18;29/01/2020 14:10;Statale entro l'abitato;VIA AURELIA;in corrispondenza;;della chilometrica;7.7;;Tamponamento Multiplo;Rettilineo;Due carreggiate;Asciutto;Asfaltata;Verticale;Sereno;Intenso;Buona;Ore Diurne;1;0;0;2;124.083;41.889;-1;2;Autovettura privata;In marcia / fermata / arresto;Conducente;M;Rifiuta cure immediate;0;NON DECEDUTO;;
4776570;18;29/01/2020 14:10;Statale entro l'abitato;VIA AURELIA;in corrispondenza;;della chilometrica;7.7;;Tamponamento Multiplo;Rettilineo;Due carreggiate;Asciutto;Asfaltata;Verticale;Sereno;Intenso;Buona;Ore Diurne;1;0;0;2;124.083;41.889;-1;3;Autocarro inferiore 35 q.;In marcia / fermata / arresto;Conducente;M;Illeso;0;;;
4776571;2;29/01/2020 20:00;Strada Urbana;LUNGOTEVERE FLAMINIO;in prossimità;;del civico n.;16;;Tamponamento;Rettilineo;Una carreggiata a doppio senso;Asciutto;Asfaltata;Verticale ed orizzontale;Sereno;Normale;Buona;Sufficiente;0;0;0;4;124.712;419.205;-1;1;Autovettura privata;In marcia / fermata / arresto;Conducente;M;Illeso;0;;Non accertato;Inesploso
4776571;2;29/01/2020 20:00;Strada Urbana;LUNGOTEVERE FLAMINIO;in prossimità;;del civico n.;16;;Tamponamento;Rettilineo;Una carreggiata a doppio senso;Asciutto;Asfaltata;Verticale ed orizzontale;Sereno;Normale;Buona;Sufficiente;0;0;0;4;124.712;419.205;-1;1;Autovettura privata;In marcia / fermata / arresto;Passeggero;F;Illeso;0;;Non accertato;Inesploso
4776571;2;29/01/2020 20:00;Strada Urbana;LUNGOTEVERE FLAMINIO;in prossimità;;del civico n.;16;;Tamponamento;Rettilineo;Una carreggiata a doppio senso;Asciutto;Asfaltata;Verticale ed orizzontale;Sereno;Normale;Buona;Sufficiente;0;0;0;4;124.712;419.205;-1;1;Autovettura privata;In marcia / fermata / arresto;Passeggero;M;Illeso;0;;;
4776571;2;29/01/2020 20:00;Strada Urbana;LUNGOTEVERE FLAMINIO;in prossimità;;del civico n.;16;;Tamponamento;Rettilineo;Una carreggiata a doppio senso;Asciutto;Asfaltata;Verticale ed orizzontale;Sereno;Normale;Buona;Sufficiente;0;0;0;4;124.712;419.205;-1;2;Motociclo a solo;In marcia / fermata / arresto;Conducente;M;Illeso;0;;Non accertato;
4776572;7;29/01/2020 09:50;Strada Urbana;VIA GIROLAMO COCCONI;in prossimità;;del civico n.;11/A;;Veicolo in marcia contro veicoli in sosta;Rettilineo;Una carreggiata a doppio senso;Asciutto;Asfaltata;Orizzontale;Sereno;Normale;Buona;Ore Diurne;1;0;0;0;125.634;418.944;-1;1;Motociclo a solo;In marcia / fermata / arresto;Conducente;M;Rimandato;0;NON DECEDUTO;Non accertato;
4776572;7;29/01/2020 09:50;Strada Urbana;VIA GIROLAMO COCCONI;in prossimità;;del civico n.;11/A;;Veicolo in marcia contro veicoli in sosta;Rettilineo;Una carreggiata a doppio senso;Asciutto;Asfaltata;Orizzontale;Sereno;Normale;Buona;Ore Diurne;1;0;0;0;125.634;418.944;-1;2;Autovettura pubblica;Sosta;;;;;;;
4776572;7;29/01/2020 09:50;Strada Urbana;VIA GIROLAMO COCCONI;in prossimità;;del civico n.;11/A;;Veicolo in marcia contro veicoli in sosta;Rettilineo;Una carreggiata a doppio senso;Asciutto;Asfaltata;Orizzontale;Sereno;Normale;Buona;Ore Diurne;1;0;0;0;125.634;418.944;-1;3;Autovettura privata;Sosta;;;;;;;
4776572;7;29/01/2020 09:50;Strada Urbana;VIA GIROLAMO COCCONI;in prossimità;;del civico n.;11/A;;Veicolo in marcia contro veicoli in sosta;Rettilineo;Una carreggiata a doppio senso;Asciutto;Asfaltata;Orizzontale;Sereno;Normale;Buona;Ore Diurne;1;0;0;0;125.634;418.944;-1;4;Autovettura privata;Sosta;;;;;;;
4776593;10;29/01/2020 23:30;Statale entro l'abitato;VIA APPIA NUOVA;all'intersezione con;VIA AL QUARTO MIGLIO;VIA AL QUARTO MIGLIO;;;Scontro frontale/laterale SX fra veicoli in marcia;Intersezione semaforizzata;Due carreggiate;Asciutto;Asfaltata;Verticale ed orizzontale;Nuvoloso;Scarso;Sufficiente;Sufficiente;1;0;0;1;125.514;418.446;-1;1;Autovettura privata;In marcia / fermata / arresto;Conducente;M;Rimandato;0;NON DECEDUTO;Non accertato;Inesploso
4776593;10;29/01/2020 23:30;Statale entro l'abitato;VIA APPIA NUOVA;all'intersezione con;VIA AL QUARTO MIGLIO;VIA AL QUARTO MIGLIO;;;Scontro frontale/laterale SX fra veicoli in marcia;Intersezione semaforizzata;Due carreggiate;Asciutto;Asfaltata;Verticale ed orizzontale;Nuvoloso;Scarso;Sufficiente;Sufficiente;1;0;0;1;125.514;418.446;-1;2;Autocarro inferiore 35 q.;In marcia / fermata / arresto;Conducente;M;Illeso;0;;Non accertato;Inesploso
4776600;18;29/01/2020 13:00;Strada Urbana;VIA DI CASAL SELCE;da specificare;;;;FRONTE CIVICO 383;Investimento di pedone;Rettilineo;Una carreggiata a doppio senso;Asciutto;Asfaltata;Verticale ed orizzontale;Sereno;Normale;Buona;Ore Diurne;1;0;0;1;123.513;419.124;-1;;;;Pedone;F;Ricoverato;0;NON DECEDUTO;;
4776600;18;29/01/2020 13:00;Strada Urbana;VIA DI CASAL SELCE;da specificare;;;;FRONTE CIVICO 383;Investimento di pedone;Rettilineo;Una carreggiata a doppio senso;Asciutto;Asfaltata;Verticale ed orizzontale;Sereno;Normale;Buona;Ore Diurne;1;0;0;1;123.513;419.124;-1;1;Autovettura privata;In marcia / fermata / arresto;Conducente;M;Illeso;0;;;
4776617;4;29/01/2020 06:30;Strada Urbana;VIADOTTO GIUSEPPE SARAGAT;da specificare;;;;Rampa V. Monte Giberto - direzione Bufalotta;Fuoriuscita dalla sede stradale;Rettilineo;Due carreggiate;Bagnato (umidità in atto);Asfaltata;Verticale ed orizzontale;Nebbia;Normale;Sufficiente;Ore Diurne;1;0;0;0;125.221;419.724;-1;1;Ciclomotore;In marcia / fermata / arresto;Conducente;M;Rimandato;0;NON DECEDUTO;Non accertato;
4776619;13;29/01/2020 16:12;Provinciale;VIA LITORANEA;da specificare;;;;prossimità 7° cancello;Fuoriuscita dalla sede stradale;Rettilineo;Una carreggiata a doppio senso;Asciutto;Asfaltata;Orizzontale;Sereno;Normale;Buona;Ore Diurne;1;0;0;0;123.735;416.876;-1;1;Motociclo a solo;In marcia / fermata / arresto;Conducente;M;Ricoverato;0;NON DECEDUTO;Non accertato;
4776619;13;29/01/2020 16:12;Provinciale;VIA LITORANEA;da specificare;;;;prossimità 7° cancello;Fuoriuscita dalla sede stradale;Rettilineo;Una carreggiata a doppio senso;Asciutto;Asfaltata;Orizzontale;Sereno;Normale;Buona;Ore Diurne;1;0;0;0;123.735;416.876;-1;2;Autocarro inferiore 35 q.;In marcia / fermata / arresto;;;;;;;
4776631;13;29/01/2020 18:00;Strada Urbana;VIALE DEI ROMAGNOLI;da specificare;;;;snc;Veicolo in marcia contro ostacolo accidentale;Curva a visuale libera;Due carreggiate;Asciutto;Asfaltata;Verticale ed orizzontale;Sereno;Normale;Sufficiente;Inesistente;0;0;0;2;123.575;417.832;-1;1;Motociclo con passeggero;In marcia / fermata / arresto;Conducente;M;Illeso;0;;Non accertato;
4776631;13;29/01/2020 18:00;Strada Urbana;VIALE DEI ROMAGNOLI;da specificare;;;;snc;Veicolo in marcia contro ostacolo accidentale;Curva a visuale libera;Due carreggiate;Asciutto;Asfaltata;Verticale ed orizzontale;Sereno;Normale;Sufficiente;Inesistente;0;0;0;2;123.575;417.832;-1;1;Motociclo con passeggero;In marcia / fermata / arresto;Passeggero;F;Illeso;0;;Non accertato;
4776645;10;29/01/2020 12:10;Strada Urbana;VIA ZAGARISE;all'intersezione con;VIA RENATO SALVATORI;VIA RENATO SALVATORI;;;Scontro frontale/laterale DX fra veicoli in marcia;Incrocio;Una carreggiata a doppio senso;Asciutto;Asfaltata;Verticale;Sereno;Normale;Buona;Ore Diurne;0;0;0;2;125.993;418.352;-1;1;Autovettura privata;In marcia / fermata / arresto;Conducente;F;Illeso;0;;Non accertato;Inesploso
4776645;10;29/01/2020 12:10;Strada Urbana;VIA ZAGARISE;all'intersezione con;VIA RENATO SALVATORI;VIA RENATO SALVATORI;;;Scontro frontale/laterale DX fra veicoli in marcia;Incrocio;Una carreggiata a doppio senso;Asciutto;Asfaltata;Verticale;Sereno;Normale;Buona;Ore Diurne;0;0;0;2;125.993;418.352;-1;2;Autovettura privata;In marcia / fermata / arresto;Conducente;M;Illeso;0;;Non accertato;Inesploso
4776650;6;30/01/2020 08:30;Strada Urbana;VIA POSIDONIO;all'intersezione con;VIA DEL PIGNETO;VIA DEL PIGNETO;;;Veicolo in marcia contro ostacolo fisso;Incrocio;Una carreggiata a senso unico di marcia;Asciutto;Asfaltata;Verticale;Sereno;Normale;Buona;Ore Diurne;0;0;0;0;125.359;418.864;-1;1;Autocarro superiore 35 q.;In marcia / fermata / arresto;;;;;;;
4776666;18;29/01/2020 17:30;Strada Urbana;VIA AURELIA;in prossimità;;del civico n.;860;;Scontro frontale/laterale DX fra veicoli in marcia;Rettilineo;Due carreggiate;Asciutto;Asfaltata;Verticale ed orizzontale;Sereno;Intenso;Buona;Sufficiente;1;0;0;2;124.001;418.859;-1;1;Autovettura privata;In marcia / fermata / arresto;Conducente;F;Illeso;0;;;
4776666;18;29/01/2020 17:30;Strada Urbana;VIA AURELIA;in prossimità;;del civico n.;860;;Scontro frontale/laterale DX fra veicoli in marcia;Rettilineo;Due carreggiate;Asciutto;Asfaltata;Verticale ed orizzontale;Sereno;Intenso;Buona;Sufficiente;1;0;0;2;124.001;418.859;-1;1;Autovettura privata;In marcia / fermata / arresto;Passeggero;F;Illeso;0;;;
4776666;18;29/01/2020 17:30;Strada Urbana;VIA AURELIA;in prossimità;;del civico n.;860;;Scontro frontale/laterale DX fra veicoli in marcia;Rettilineo;Due carreggiate;Asciutto;Asfaltata;Verticale ed orizzontale;Sereno;Intenso;Buona;Sufficiente;1;0;0;2;124.001;418.859;-1;2;Motociclo a solo;In marcia / fermata / arresto;Conducente;M;Rimandato;0;NON DECEDUTO;;
4776671;10;29/01/2020 16:00;Strada Urbana;VIA DEL CASALE SANTARELLI;in corrispondenza;;del civico n.;74;;Scontro frontale/laterale SX fra veicoli in marcia;Rettilineo;Una carreggiata a senso unico di marcia;Asciutto;Asfaltata;Assente;Nuvoloso;Scarso;Buona;Ore Diurne;0;0;0;2;126.134;418.173;-1;1;Autovettura privata;In marcia / fermata / arresto;Conducente;F;Illeso;0;;Non accertato;Inesploso
4776671;10;29/01/2020 16:00;Strada Urbana;VIA DEL CASALE SANTARELLI;in corrispondenza;;del civico n.;74;;Scontro frontale/laterale SX fra veicoli in marcia;Rettilineo;Una carreggiata a senso unico di marcia;Asciutto;Asfaltata;Assente;Nuvoloso;Scarso;Buona;Ore Diurne;0;0;0;2;126.134;418.173;-1;2;Autovettura privata;In marcia / fermata / arresto;Conducente;M;Illeso;0;;Non accertato;Inesploso
4776690;19;29/01/2020 17:10;Strada Urbana;VIA BEATA VIRGINIA CENTURIONE BRACELLI;da specificare;;;;in prossimità di VIA MATTIA BATTISTINI;Scontro laterale fra veicoli in marcia;Rettilineo;Una carreggiata a senso unico di marcia;Asciutto;Asfaltata;Verticale ed orizzontale;Sereno;Normale;Buona;Sufficiente;0;0;0;2;124.181;419.189;-1;1;Autovettura privata;In marcia / fermata / arresto;Conducente;F;Illeso;0;;Non accertato;Inesploso
4776690;19;29/01/2020 17:10;Strada Urbana;VIA BEATA VIRGINIA CENTURIONE BRACELLI;da specificare;;;;in prossimità di VIA MATTIA BATTISTINI;Scontro laterale fra veicoli in marcia;Rettilineo;Una carreggiata a senso unico di marcia;Asciutto;Asfaltata;Verticale ed orizzontale;Sereno;Normale;Buona;Sufficiente;0;0;0;2;124.181;419.189;-1;2;Autovettura privata;In marcia / fermata / arresto;Conducente;M;Illeso;0;;Non accertato;Inesploso
4776694;1;29/01/2020 18:26;Strada Urbana;VIA CRISTOFORO COLOMBO;all'intersezione con;VIA LAURENTINA;VIA LAURENTINA;;;Scontro frontale/laterale DX fra veicoli in marcia;Intersezione semaforizzata;Più di due carreggiate;Asciutto;Asfaltata;Verticale ed orizzontale;Sereno;Normale;Buona;Sufficiente;0;0;0;1;124.791;418.459;-1;1;Autovettura privata;In marcia / fermata / arresto;Conducente;F;Illeso;0;;Non accertato;Inesploso
4776694;1;29/01/2020 18:26;Strada Urbana;VIA CRISTOFORO COLOMBO;all'intersezione con;VIA LAURENTINA;VIA LAURENTINA;;;Scontro frontale/laterale DX fra veicoli in marcia;Intersezione semaforizzata;Più di due carreggiate;Asciutto;Asfaltata;Verticale ed orizzontale;Sereno;Normale;Buona;Sufficiente;0;0;0;1;124.791;418.459;-1;2;Autoambulanza;Allontanatosi;;;;;;;
4776696;19;30/01/2020 03:00;Strada Urbana;VIA FEDERICO BORROMEO;all'intersezione con;PIAZZA S. ZACCARIA PAPA;PIAZZA S. ZACCARIA PAPA;;;Scontro frontale/laterale DX fra veicoli in marcia;Incrocio;Una carreggiata a doppio senso;Asciutto;Asfaltata;Verticale ed orizzontale;Sereno;Scarso;Sufficiente;Sufficiente;2;0;0;1;12.415;419.167;-1;1;Autovettura privata;In marcia / fermata / arresto;Conducente;M;Illeso;0;;;
4776696;19;30/01/2020 03:00;Strada Urbana;VIA FEDERICO BORROMEO;all'intersezione con;PIAZZA S. ZACCARIA PAPA;PIAZZA S. ZACCARIA PAPA;;;Scontro frontale/laterale DX fra veicoli in marcia;Incrocio;Una carreggiata a doppio senso;Asciutto;Asfaltata;Verticale ed orizzontale;Sereno;Scarso;Sufficiente;Sufficiente;2;0;0;1;12.415;419.167;-1;2;Autovettura privata;In marcia / fermata / arresto;Conducente;M;Rifiuta cure immediate;0;NON DECEDUTO;;
4776696;19;30/01/2020 03:00;Strada Urbana;VIA FEDERICO BORROMEO;all'intersezione con;PIAZZA S. ZACCARIA PAPA;PIAZZA S. ZACCARIA PAPA;;;Scontro frontale/laterale DX fra veicoli in marcia;Incrocio;Una carreggiata a doppio senso;Asciutto;Asfaltata;Verticale ed orizzontale;Sereno;Scarso;Sufficiente;Sufficiente;2;0;0;1;12.415;419.167;-1;2;Autovettura privata;In marcia / fermata / arresto;Passeggero;M;Rifiuta cure immediate;0;NON DECEDUTO;;
4776696;19;30/01/2020 03:00;Strada Urbana;VIA FEDERICO BORROMEO;all'intersezione con;PIAZZA S. ZACCARIA PAPA;PIAZZA S. ZACCARIA PAPA;;;Scontro frontale/laterale DX fra veicoli in marcia;Incrocio;Una carreggiata a doppio senso;Asciutto;Asfaltata;Verticale ed orizzontale;Sereno;Scarso;Sufficiente;Sufficiente;2;0;0;1;12.415;419.167;-1;3;Autovettura privata;Sosta;;;;;;;
4776696;19;30/01/2020 03:00;Strada Urbana;VIA FEDERICO BORROMEO;all'intersezione con;PIAZZA S. ZACCARIA PAPA;PIAZZA S. ZACCARIA PAPA;;;Scontro frontale/laterale DX fra veicoli in marcia;Incrocio;Una carreggiata a doppio senso;Asciutto;Asfaltata;Verticale ed orizzontale;Sereno;Scarso;Sufficiente;Sufficiente;2;0;0;1;12.415;419.167;-1;4;Autovettura privata;Sosta;;;;;;;
4776696;19;30/01/2020 03:00;Strada Urbana;VIA FEDERICO BORROMEO;all'intersezione con;PIAZZA S. ZACCARIA PAPA;PIAZZA S. ZACCARIA PAPA;;;Scontro frontale/laterale DX fra veicoli in marcia;Incrocio;Una carreggiata a doppio senso;Asciutto;Asfaltata;Verticale ed orizzontale;Sereno;Scarso;Sufficiente;Sufficiente;2;0;0;1;12.415;419.167;-1;5;Autovettura privata;Sosta;;;;;;;
4776696;19;30/01/2020 03:00;Strada Urbana;VIA FEDERICO BORROMEO;all'intersezione con;PIAZZA S. ZACCARIA PAPA;PIAZZA S. ZACCARIA PAPA;;;Scontro frontale/laterale DX fra veicoli in marcia;Incrocio;Una carreggiata a doppio senso;Asciutto;Asfaltata;Verticale ed orizzontale;Sereno;Scarso;Sufficiente;Sufficiente;2;0;0;1;12.415;419.167;-1;6;Autovettura privata;Sosta;;;;;;;
4776696;19;30/01/2020 03:00;Strada Urbana;VIA FEDERICO BORROMEO;all'intersezione con;PIAZZA S. ZACCARIA PAPA;PIAZZA S. ZACCARIA PAPA;;;Scontro frontale/laterale DX fra veicoli in marcia;Incrocio;Una carreggiata a doppio senso;Asciutto;Asfaltata;Verticale ed orizzontale;Sereno;Scarso;Sufficiente;Sufficiente;2;0;0;1;12.415;419.167;-1;7;Autovettura privata;Sosta;;;;;;;
4776696;19;30/01/2020 03:00;Strada Urbana;VIA FEDERICO BORROMEO;all'intersezione con;PIAZZA S. ZACCARIA PAPA;PIAZZA S. ZACCARIA PAPA;;;Scontro frontale/laterale DX fra veicoli in marcia;Incrocio;Una carreggiata a doppio senso;Asciutto;Asfaltata;Verticale ed orizzontale;Sereno;Scarso;Sufficiente;Sufficiente;2;0;0;1;12.415;419.167;-1;8;Autovettura privata;Sosta;;;;;;;
4776703;12;29/01/2020 12:00;Provinciale;VIA ARDEATINA;da specificare;;;; pross. Via degli Astrini;Tamponamento Multiplo;Rettilineo;Una carreggiata a doppio senso;Asciutto;Asfaltata;Verticale ed orizzontale;Sereno;Normale;Buona;Ore Diurne;1;0;0;2;125.852;417.015;-1;1;Autovettura privata;In marcia / fermata / arresto;Conducente;M;Illeso;0;;;
4776703;12;29/01/2020 12:00;Provinciale;VIA ARDEATINA;da specificare;;;; pross. Via degli Astrini;Tamponamento Multiplo;Rettilineo;Una carreggiata a doppio senso;Asciutto;Asfaltata;Verticale ed orizzontale;Sereno;Normale;Buona;Ore Diurne;1;0;0;2;125.852;417.015;-1;2;Autovettura privata;In marcia / fermata / arresto;Conducente;M;Illeso;0;;;
4776703;12;29/01/2020 12:00;Provinciale;VIA ARDEATINA;da specificare;;;; pross. Via degli Astrini;Tamponamento Multiplo;Rettilineo;Una carreggiata a doppio senso;Asciutto;Asfaltata;Verticale ed orizzontale;Sereno;Normale;Buona;Ore Diurne;1;0;0;2;125.852;417.015;-1;3;Autovettura privata;In marcia / fermata / arresto;Conducente;F;Rimandato;0;NON DECEDUTO;;
4776713;19;29/01/2020 17:15;Strada Urbana;VIA TRIONFALE;in prossimità;;del civico n.;7798;;Investimento di pedone;Rettilineo;Una carreggiata a senso unico di marcia;Asciutto;Asfaltata;Verticale ed orizzontale;Nuvoloso;Normale;Buona;Sufficiente;1;0;0;1;124.318;419.356;-1;;;;Pedone;M;Rimandato;0;NON DECEDUTO;;
4776713;19;29/01/2020 17:15;Strada Urbana;VIA TRIONFALE;in prossimità;;del civico n.;7798;;Investimento di pedone;Rettilineo;Una carreggiata a senso unico di marcia;Asciutto;Asfaltata;Verticale ed orizzontale;Nuvoloso;Normale;Buona;Sufficiente;1;0;0;1;124.318;419.356;-1;1;Autovettura privata;In marcia / fermata / arresto;Conducente;M;Illeso;0;;Non accertato;Inesploso
4776727;1;29/01/2020 17:15;Strada Urbana;VIA LEON BATTISTA ALBERTI;in corrispondenza;;del civico n.;25;;Investimento di pedone;Rettilineo;Una carreggiata a doppio senso;Asciutto;Asfaltata;Verticale ed orizzontale;Sereno;Normale;Buona;Sufficiente;0;0;0;2;12.488;418.784;-1;;;;Pedone;M;Illeso;0;;;
4776727;1;29/01/2020 17:15;Strada Urbana;VIA LEON BATTISTA ALBERTI;in corrispondenza;;del civico n.;25;;Investimento di pedone;Rettilineo;Una carreggiata a doppio senso;Asciutto;Asfaltata;Verticale ed orizzontale;Sereno;Normale;Buona;Sufficiente;0;0;0;2;12.488;418.784;-1;1;Quadriciclo leggero;In marcia / fermata / arresto;Conducente;M;Illeso;0;;Non accertato;Inesploso
4776734;12;29/01/2020 18:00;Strada Urbana;VIA DI DECIMA;all'intersezione con;VIA CATERINA TROIANI;VIA CATERINA TROIANI;;;Scontro frontale/laterale SX fra veicoli in marcia;Incrocio;Una carreggiata a doppio senso;Asciutto;Asfaltata;Verticale ed orizzontale;Sereno;Intenso;Sufficiente;Sufficiente;2;0;0;1;124.529;418.132;0;1;Autovettura privata;In marcia / fermata / arresto;Conducente;M;Rimandato;0;NON DECEDUTO;Utilizzato;Inesploso
4776734;12;29/01/2020 18:00;Strada Urbana;VIA DI DECIMA;all'intersezione con;VIA CATERINA TROIANI;VIA CATERINA TROIANI;;;Scontro frontale/laterale SX fra veicoli in marcia;Incrocio;Una carreggiata a doppio senso;Asciutto;Asfaltata;Verticale ed orizzontale;Sereno;Intenso;Sufficiente;Sufficiente;2;0;0;1;124.529;418.132;0;1;Autovettura privata;In marcia / fermata / arresto;Passeggero;F;Rimandato;0;NON DECEDUTO;Utilizzato;