Protocollo;Gruppo;DataOraIncidente;Localizzazione1;STRADA1;Localizzazione2;STRADA2;Strada02;Chilometrica;DaSpecificare;NaturaIncidente;particolaritastrade;TipoStrada;FondoStradale;Pavimentazione;Segnaletica;CondizioneAtmosferica;Traffico;Visibilita;Illuminazione;NUM_FERITI;NUM_RISERVATA;NUM_MORTI;NUM_ILLESI;Longitude;Latitude;Confermato;Progressivo;TipoVeicolo;StatoVeicolo;TipoPersona;Sesso;Tipolesione;Deceduto;DecedutoDopo;CinturaCascoUtilizzato;Airbag
4780724;3;31/01/2020 08:40;Strada Urbana;PIAZZALE DEL VERANO;all'intersezione con;VIA TIBURTINA;VIA TIBURTINA;;;Scontro laterale fra veicoli in marcia;Intersezione non regolata/non segnalata;Due carreggiate;Asciutto;Asfaltata;Orizzontale;Nuvoloso;Normale;Buona;Ore Diurne;0;0;0;3;125.188;419.012;-1;2;Autovettura privata;In marcia / fermata / arresto;Passeggero;F;Illeso;0;;;
4780737;10;31/01/2020 18:40;Strada Urbana;VIA WALTER PROCACCINI;all'intersezione con;VIA DI TORRE SPACCATA;VIA DI TORRE SPACCATA;;;Scontro laterale fra veicoli in marcia;Rotatoria;Una carreggiata a senso unico di marcia;Asciutto;Asfaltata;Verticale ed orizzontale;Sereno;Normale;Sufficiente;Sufficiente;0;0;0;2;125.829;418.486;-1;1;Autovettura privata;In marcia / fermata / arresto;Conducente;M;Illeso;0;;Non accertato;Inesploso
4780737;10;31/01/2020 18:40;Strada Urbana;VIA WALTER PROCACCINI;all'intersezione con;VIA DI TORRE SPACCATA;VIA DI TORRE SPACCATA;;;Scontro laterale fra veicoli in marcia;Rotatoria;Una carreggiata a senso unico di marcia;Asciutto;Asfaltata;Verticale ed orizzontale;Sereno;Normale;Sufficiente;Sufficiente;0;0;0;2;125.829;418.486;-1;2;Autovettura privata;In marcia / fermata / arresto;Conducente;M;Illeso;0;;Non accertato;Inesploso
4781331;7;31/01/2020 10:10;Strada Urbana;VIA PIETRO CASTELLI;in corrispondenza;;del civico n.;21;;Scontro laterale fra veicoli in marcia;Rettilineo;Una carreggiata a senso unico di marcia;Asciutto;Asfaltata;Verticale ed orizzontale;Sereno;Scarso;Buona;Ore Diurne;0;0;0;2;125.821;41.879;-1;1;Autovettura privata;In marcia / fermata / arresto;Conducente;M;Illeso;0;;Non accertato;Inesploso
4781331;7;31/01/2020 10:10;Strada Urbana;VIA PIETRO CASTELLI;in corrispondenza;;del civico n.;21;;Scontro laterale fra veicoli in marcia;Rettilineo;Una carreggiata a senso unico di marcia;Asciutto;Asfaltata;Verticale ed orizzontale;Sereno;Scarso;Buona;Ore Diurne;0;0;0;2;125.821;41.879;-1;2;Autovettura privata;In marcia / fermata / arresto;Conducente;M;Illeso;0;;Non accertato;Inesploso
4781776;1;30/01/2020 18:20;Strada Urbana;PIAZZA VENEZIA;in prossimità;;del civico n.;5;;Scontro laterale fra veicoli in marcia;Rettilineo;Una carreggiata a senso unico di marcia;Asciutto;In cubetti di porfido;Verticale ed orizzontale;Sereno;Intenso;Sufficiente;Sufficiente;0;0;0;3;124.821;418.967;-1;1;Autovettura privata;In marcia / fermata / arresto;Conducente;M;Illeso;0;;Non accertato;Inesploso
4781776;1;30/01/2020 18:20;Strada Urbana;PIAZZA VENEZIA;in prossimità;;del civico n.;5;;Scontro laterale fra veicoli in marcia;Rettilineo;Una carreggiata a senso unico di marcia;Asciutto;In cubetti di porfido;Verticale ed orizzontale;Sereno;Intenso;Sufficiente;Sufficiente;0;0;0;3;124.821;418.967;-1;2;Autovettura pubblica;In marcia / fermata / arresto;Conducente;M;Illeso;0;;Non accertato;Inesploso
4781776;1;30/01/2020 18:20;Strada Urbana;PIAZZA VENEZIA;in prossimità;;del civico n.;5;;Scontro laterale fra veicoli in marcia;Rettilineo;Una carreggiata a senso unico di marcia;Asciutto;In cubetti di porfido;Verticale ed orizzontale;Sereno;Intenso;Sufficiente;Sufficiente;0;0;0;3;124.821;418.967;-1;2;Autovettura pubblica;In marcia / fermata / arresto;Passeggero;F;Illeso;0;;;
4781781;1;31/01/2020 08:10;Strada Urbana;CORSO VITTORIO EMANUELE II;all'intersezione con;PIAZZA DELLA CHIESA NUOVA;PIAZZA DELLA CHIESA NUOVA;;;Tamponamento;Incrocio;Una carreggiata a doppio senso;Asciutto;Asfaltata;Verticale ed orizzontale;Nuvoloso;Intenso;Buona;Ore Diurne;8;0;0;3;124.692;418.977;-1;1;Autovettura privata;In marcia / fermata / arresto;Conducente;M;Rifiuta cure immediate;0;NON DECEDUTO;Non accertato;
4781781;1;31/01/2020 08:10;Strada Urbana;CORSO VITTORIO EMANUELE II;all'intersezione con;PIAZZA DELLA CHIESA NUOVA;PIAZZA DELLA CHIESA NUOVA;;;Tamponamento;Incrocio;Una carreggiata a doppio senso;Asciutto;Asfaltata;Verticale ed orizzontale;Nuvoloso;Intenso;Buona;Ore Diurne;8;0;0;3;124.692;418.977;-1;2;Autovettura di polizia;In marcia / fermata / arresto;Conducente;M;Rimandato;0;NON DECEDUTO;Non accertato;
4781781;1;31/01/2020 08:10;Strada Urbana;CORSO VITTORIO EMANUELE II;all'intersezione con;PIAZZA DELLA CHIESA NUOVA;PIAZZA DELLA CHIESA NUOVA;;;Tamponamento;Incrocio;Una carreggiata a doppio senso;Asciutto;Asfaltata;Verticale ed orizzontale;Nuvoloso;Intenso;Buona;Ore Diurne;8;0;0;3;124.692;418.977;-1;2;Autovettura di polizia;In marcia / fermata / arresto;Passeggero;M;Illeso;0;;Non accertato;
4781781;1;31/01/2020 08:10;Strada Urbana;CORSO VITTORIO EMANUELE II;all'intersezione con;PIAZZA DELLA CHIESA NUOVA;PIAZZA DELLA CHIESA NUOVA;;;Tamponamento;Incrocio;Una carreggiata a doppio senso;Asciutto;Asfaltata;Verticale ed orizzontale;Nuvoloso;Intenso;Buona;Ore Diurne;8;0;0;3;124.692;418.977;-1;2;Autovettura di polizia;In marcia / fermata / arresto;Passeggero;M;Rimandato;0;NON DECEDUTO;Non accertato;
4781781;1;31/01/2020 08:10;Strada Urbana;CORSO VITTORIO EMANUELE II;all'intersezione con;PIAZZA DELLA CHIESA NUOVA;PIAZZA DELLA CHIESA NUOVA;;;Tamponamento;Incrocio;Una carreggiata a doppio senso;Asciutto;Asfaltata;Verticale ed orizzontale;Nuvoloso;Intenso;Buona;Ore Diurne;8;0;0;3;124.692;418.977;-1;2;Autovettura di polizia;In marcia / fermata / arresto;Passeggero;M;Rimandato;0;NON DECEDUTO;Non accertato;
4781781;1;31/01/2020 08:10;Strada Urbana;CORSO VITTORIO EMANUELE II;all'intersezione con;PIAZZA DELLA CHIESA NUOVA;PIAZZA DELLA CHIESA NUOVA;;;Tamponamento;Incrocio;Una carreggiata a doppio senso;Asciutto;Asfaltata;Verticale ed orizzontale;Nuvoloso;Intenso;Buona;Ore Diurne;8;0;0;3;124.692;418.977;-1;2;Autovettura di polizia;In marcia / fermata / arresto;Passeggero;M;Rimandato;0;NON DECEDUTO;Non accertato;
4781781;1;31/01/2020 08:10;Strada Urbana;CORSO VITTORIO EMANUELE II;all'intersezione con;PIAZZA DELLA CHIESA NUOVA;PIAZZA DELLA CHIESA NUOVA;;;Tamponamento;Incrocio;Una carreggiata a doppio senso;Asciutto;Asfaltata;Verticale ed orizzontale;Nuvoloso;Intenso;Buona;Ore Diurne;8;0;0;3;124.692;418.977;-1;2;Autovettura di polizia;In marcia / fermata / arresto;Passeggero;M;Rimandato;0;NON DECEDUTO;Non accertato;
4781781;1;31/01/2020 08:10;Strada Urbana;CORSO VITTORIO EMANUELE II;all'intersezione con;PIAZZA DELLA CHIESA NUOVA;PIAZZA DELLA CHIESA NUOVA;;;Tamponamento;Incrocio;Una carreggiata a doppio senso;Asciutto;Asfaltata;Verticale ed orizzontale;Nuvoloso;Intenso;Buona;Ore Diurne;8;0;0;3;124.692;418.977;-1;2;Autovettura di polizia;In marcia / fermata / arresto;Passeggero;M;Rimandato;0;NON DECEDUTO;Non accertato;
4781781;1;31/01/2020 08:10;Strada Urbana;CORSO VITTORIO EMANUELE II;all'intersezione con;PIAZZA DELLA CHIESA NUOVA;PIAZZA DELLA CHIESA NUOVA;;;Tamponamento;Incrocio;Una carreggiata a doppio senso;Asciutto;Asfaltata;Verticale ed orizzontale;Nuvoloso;Intenso;Buona;Ore Diurne;8;0;0;3;124.692;418.977;-1;2;Autovettura di polizia;In marcia / fermata / arresto;Passeggero;M;Rimandato;0;NON DECEDUTO;Non accertato;
4781799;1;31/01/2020 11:45;Strada Urbana;VIA DI S. CROCE IN GERUSALEMME;all'intersezione con;VIA ETTORE PERRONE;VIA ETTORE PERRONE;;;Tamponamento;Intersezione stradale segnalata;Una carreggiata a doppio senso;Asciutto;Asfaltata;Verticale ed orizzontale;Nuvoloso;Scarso;Buona;Ore Diurne;0;0;0;1;125.107;418.911;-1;1;Autovettura privata;In marcia / fermata / arresto;Conducente;M;Illeso;0;;;
4781799;1;31/01/2020 11:45;Strada Urbana;VIA DI S. CROCE IN GERUSALEMME;all'intersezione con;VIA ETTORE PERRONE;VIA ETTORE PERRONE;;;Tamponamento;Intersezione stradale segnalata;Una carreggiata a doppio senso;Asciutto;Asfaltata;Verticale ed orizzontale;Nuvoloso;Scarso;Buona;Ore Diurne;0;0;0;1;125.107;418.911;-1;2;Autovettura privata;Allontanatosi;;;;;;;
4781809;1;30/01/2020 12:10;Strada Urbana;LUNGOTEVERE IN AUGUSTA;da specificare;;;;pross. fronte palo luce n.11;Veicolo in marcia contro veicolo in sosta;Rettilineo;Una carreggiata a senso unico di marcia;Asciutto;Asfaltata;Verticale ed orizzontale;Nuvoloso;Normale;Buona;Ore Diurne;0;0;0;1;124.748;419.076;-1;1;Autovettura privata;Sosta;;;;;;;
4781809;1;30/01/2020 12:10;Strada Urbana;LUNGOTEVERE IN AUGUSTA;da specificare;;;;pross. fronte palo luce n.11;Veicolo in marcia contro veicolo in sosta;Rettilineo;Una carreggiata a senso unico di marcia;Asciutto;Asfaltata;Verticale ed orizzontale;Nuvoloso;Normale;Buona;Ore Diurne;0;0;0;1;124.748;419.076;-1;2;Autovettura privata;In marcia / fermata / arresto;Conducente;M;Illeso;0;;Non accertato;Inesploso
4781822;3;31/01/2020 18:00;Strada Urbana;VIA NOMENTANA;in prossimità;;del civico n.;4;;Scontro laterale fra veicoli in marcia;Rettilineo;Una carreggiata a senso unico di marcia;Asciutto;Asfaltata;Verticale ed orizzontale;Sereno;Normale;Buona;Sufficiente;1;0;0;1;125.034;419.106;-1;1;Autovettura privata;In marcia / fermata / arresto;Conducente;F;Illeso;0;;Non accertato;Inesploso
4781822;3;31/01/2020 18:00;Strada Urbana;VIA NOMENTANA;in prossimità;;del civico n.;4;;Scontro laterale fra veicoli in marcia;Rettilineo;Una carreggiata a senso unico di marcia;Asciutto;Asfaltata;Verticale ed orizzontale;Sereno;Normale;Buona;Sufficiente;1;0;0;1;125.034;419.106;-1;2;Motociclo a solo;In marcia / fermata / arresto;Conducente;M;Rifiuta cure immediate;0;NON DECEDUTO;Non accertato;
4781822;3;31/01/2020 18:00;Strada Urbana;VIA NOMENTANA;in prossimità;;del civico n.;4;;Scontro laterale fra veicoli in marcia;Rettilineo;Una carreggiata a senso unico di marcia;Asciutto;Asfaltata;Verticale ed orizzontale;Sereno;Normale;Buona;Sufficiente;1;0;0;1;125.034;419.106;-1;3;Autovettura privata;Sosta;;;;;;;
4782393;17;31/01/2020 21:45;Strada Urbana;LUNGOTEVERE MICHELANGELO;in prossimità;;del civico n.;9;;Scontro laterale fra veicoli in marcia;Rettilineo;Più di due carreggiate;Asciutto;Asfaltata;Verticale ed orizzontale;Sereno;Normale;Buona;Sufficiente;0;0;0;1;124.696;419.133;-1;1;Autovettura di polizia;In marcia / fermata / arresto;Conducente;M;Illeso;0;;;
4782393;17;31/01/2020 21:45;Strada Urbana;LUNGOTEVERE MICHELANGELO;in prossimità;;del civico n.;9;;Scontro laterale fra veicoli in marcia;Rettilineo;Più di due carreggiate;Asciutto;Asfaltata;Verticale ed orizzontale;Sereno;Normale;Buona;Sufficiente;0;0;0;1;124.696;419.133;-1;2;Autovettura privata;Allontanatosi;;;;;;;
4782418;5;31/01/2020 08:40;Strada Urbana;VIA DI PORTONACCIO;all'intersezione con;VIA DI CASAL BERTONE;VIA DI CASAL BERTONE;;;Tamponamento;Incrocio;Una carreggiata a doppio senso;Asciutto;Asfaltata;Verticale ed orizzontale;Nuvoloso;Normale;Buona;Ore Diurne;0;0;0;2;125.376;418.991;-1;1;Autovettura privata;In marcia / fermata / arresto;Conducente;F;Illeso;0;;Non accertato;Inesploso
4782418;5;31/01/2020 08:40;Strada Urbana;VIA DI PORTONACCIO;all'intersezione con;VIA DI CASAL BERTONE;VIA DI CASAL BERTONE;;;Tamponamento;Incrocio;Una carreggiata a doppio senso;Asciutto;Asfaltata;Verticale ed orizzontale;Nuvoloso;Normale;Buona;Ore Diurne;0;0;0;2;125.376;418.991;-1;2;Autovettura privata;In marcia / fermata / arresto;Conducente;M;Illeso;0;;Non accertato;Inesploso
4782422;5;31/01/2020 10:40;Strada Urbana;VIA GIUSEPPE MARCOTTI;all'intersezione con;VIA VINCENZO MORELLO;VIA VINCENZO MORELLO;;;Investimento di pedone;Incrocio;Una carreggiata a doppio senso;Asciutto;Asfaltata;Verticale ed orizzontale;Nuvoloso;Normale;Buona;Ore Diurne;1;0;0;1;125.398;419.095;-1;;;;Pedone;F;Rimandato;0;NON DECEDUTO;;
4782422;5;31/01/2020 10:40;Strada Urbana;VIA GIUSEPPE MARCOTTI;all'intersezione con;VIA VINCENZO MORELLO;VIA VINCENZO MORELLO;;;Investimento di pedone;Incrocio;Una carreggiata a doppio senso;Asciutto;Asfaltata;Verticale ed orizzontale;Nuvoloso;Normale;Buona;Ore Diurne;1;0;0;1;125.398;419.095;-1;1;Autovettura privata;In marcia / fermata / arresto;Conducente;M;Illeso;0;;Non accertato;
4782427;5;31/01/2020 11:15;Strada Urbana;VIA TIBURTINA;in prossimità;;del civico n.;615;;Tamponamento;Rettilineo;Due carreggiate;Asciutto;Asfaltata;Verticale ed orizzontale;Nuvoloso;Normale;Buona;Ore Diurne;0;0;0;2;125.457;419.091;-1;1;Autovettura privata;In marcia / fermata / arresto;Conducente;M;Illeso;0;;Non accertato;
4782427;5;31/01/2020 11:15;Strada Urbana;VIA TIBURTINA;in prossimità;;del civico n.;615;;Tamponamento;Rettilineo;Due carreggiate;Asciutto;Asfaltata;Verticale ed orizzontale;Nuvoloso;Normale;Buona;Ore Diurne;0;0;0;2;125.457;419.091;-1;2;Autocarro superiore 35 q.;In marcia / fermata / arresto;Conducente;M;Illeso;0;;Non accertato;
4782494;7;31/01/2020 11:10;Altra strada;VIALE PALMIRO TOGLIATTI;da specificare;;;;Interno parcheggio Esselunga civ. 1023;Scontro laterale fra veicoli in marcia;Rettilineo;Una carreggiata a senso unico di marcia;Asciutto;Asfaltata;Verticale ed orizzontale;Sereno;Normale;Sufficiente;Ore Diurne;0;0;0;3;125.733;418.986;-1;1;Autovettura privata;In marcia / fermata / arresto;Conducente;F;Illeso;0;;Non accertato;Inesploso
4782494;7;31/01/2020 11:10;Altra strada;VIALE PALMIRO TOGLIATTI;da specificare;;;;Interno parcheggio Esselunga civ. 1023;Scontro laterale fra veicoli in marcia;Rettilineo;Una carreggiata a senso unico di marcia;Asciutto;Asfaltata;Verticale ed orizzontale;Sereno;Normale;Sufficiente;Ore Diurne;0;0;0;3;125.733;418.986;-1;2;Autovettura privata;In marcia / fermata / arresto;Conducente;M;Illeso;0;;Non accertato;Inesploso
4782494;7;31/01/2020 11:10;Altra strada;VIALE PALMIRO TOGLIATTI;da specificare;;;;Interno parcheggio Esselunga civ. 1023;Scontro laterale fra veicoli in marcia;Rettilineo;Una carreggiata a senso unico di marcia;Asciutto;Asfaltata;Verticale ed orizzontale;Sereno;Normale;Sufficiente;Ore Diurne;0;0;0;3;125.733;418.986;-1;2;Autovettura privata;In marcia / fermata / arresto;Passeggero;M;Illeso;0;;Non accertato;Inesploso
4782499;5;31/01/2020 13:20;Strada Urbana;VIALE EGIDIO GALBANI;all'intersezione con;VIA FURIO CICOGNA;VIA FURIO CICOGNA;;;Scontro frontale/laterale SX fra veicoli in marcia;Intersezione semaforizzata;Due carreggiate;Asciutto;Asfaltata;Verticale ed orizzontale;Nuvoloso;Normale;Buona;Ore Diurne;0;0;0;2;125.644;419.279;-1;1;Autovettura privata;In marcia / fermata / arresto;Conducente;M;Illeso;0;;Non accertato;Inesploso
4782499;5;31/01/2020 13:20;Strada Urbana;VIALE EGIDIO GALBANI;all'intersezione con;VIA FURIO CICOGNA;VIA FURIO CICOGNA;;;Scontro frontale/laterale SX fra veicoli in marcia;Intersezione semaforizzata;Due carreggiate;Asciutto;Asfaltata;Verticale ed orizzontale;Nuvoloso;Normale;Buona;Ore Diurne;0;0;0;2;125.644;419.279;-1;2;Autovettura privata;In marcia / fermata / arresto;Conducente;F;Illeso;0;;Non accertato;Inesploso
4782510;5;31/01/2020 16:10;Strada Urbana;VIA CRESCENZIO CONTE DI SABINA;in corrispondenza;;del civico n.;47;;Scontro laterale fra veicoli in marcia;Rettilineo;Una carreggiata a senso unico di marcia;Asciutto;Asfaltata;Assente;Sereno;Normale;Buona;Ore Diurne;0;0;0;1;126.001;419.485;-1;1;Autovettura privata;In marcia / fermata / arresto;Conducente;M;Illeso;0;;Non accertato;
4782510;5;31/01/2020 16:10;Strada Urbana;VIA CRESCENZIO CONTE DI SABINA;in corrispondenza;;del civico n.;47;;Scontro laterale fra veicoli in marcia;Rettilineo;Una carreggiata a senso unico di marcia;Asciutto;Asfaltata;Assente;Sereno;Normale;Buona;Ore Diurne;0;0;0;1;126.001;419.485;-1;2;Autovettura privata;Allontanatosi;;;;;;;
4782512;12;31/01/2020 18:24;Strada Urbana;VIALE DELL'OCEANO INDIANO;da specificare;;;;pross. Via Suez, palo ACEA n.23;Scontro frontale/laterale SX fra veicoli in marcia;Rettilineo;Una carreggiata a doppio senso;Asciutto;Asfaltata;Verticale ed orizzontale;Sereno;Intenso;Buona;Sufficiente;1;0;0;3;124.487;418.246;-1;1;Autovettura privata;In marcia / fermata / arresto;Conducente;M;Illeso;0;;Non accertato;Inesploso
4782512;12;31/01/2020 18:24;Strada Urbana;VIALE DELL'OCEANO INDIANO;da specificare;;;;pross. Via Suez, palo ACEA n.23;Scontro frontale/laterale SX fra veicoli in marcia;Rettilineo;Una carreggiata a doppio senso;Asciutto;Asfaltata;Verticale ed orizzontale;Sereno;Intenso;Buona;Sufficiente;1;0;0;3;124.487;418.246;-1;2;Autovettura privata;In marcia / fermata / arresto;Conducente;M;Illeso;0;;Non accertato;Inesploso
4782512;12;31/01/2020 18:24;Strada Urbana;VIALE DELL'OCEANO INDIANO;da specificare;;;;pross. Via Suez, palo ACEA n.23;Scontro frontale/laterale SX fra veicoli in marcia;Rettilineo;Una carreggiata a doppio senso;Asciutto;Asfaltata;Verticale ed orizzontale;Sereno;Intenso;Buona;Sufficiente;1;0;0;3;124.487;418.246;-1;2;Autovettura privata;In marcia / fermata / arresto;Passeggero;F;Illeso;0;;Non accertato;Inesploso
4782512;12;31/01/2020 18:24;Strada Urbana;VIALE DELL'OCEANO INDIANO;da specificare;;;;pross. Via Suez, palo ACEA n.23;Scontro frontale/laterale SX fra veicoli in marcia;Rettilineo;Una carreggiata a doppio senso;Asciutto;Asfaltata;Verticale ed orizzontale;Sereno;Intenso;Buona;Sufficiente;1;0;0;3;124.487;418.246;-1;3;Motociclo a solo;In marcia / fermata / arresto;Conducente;M;Rimandato;0;NON DECEDUTO;Non accertato;
4782520;5;31/01/2020 23:55;Strada Urbana;VIA DEL CASALE CAVALLARI;all'intersezione con;VIA GERANO;VIA GERANO;;;Scontro frontale/laterale SX fra veicoli in marcia;Incrocio;Una carreggiata a doppio senso;Asciutto;Asfaltata;Assente;Sereno;Scarso;Insufficiente;Inesistente;1;0;0;1;125.952;419.309;-1;1;Autocarro inferiore 35 q.;In marcia / fermata / arresto;Conducente;M;Illeso;0;;Non accertato;Inesploso
4782520;5;31/01/2020 23:55;Strada Urbana;VIA DEL CASALE CAVALLARI;all'intersezione con;VIA GERANO;VIA GERANO;;;Scontro frontale/laterale SX fra veicoli in marcia;Incrocio;Una carreggiata a doppio senso;Asciutto;Asfaltata;Assente;Sereno;Scarso;Insufficiente;Inesistente;1;0;0;1;125.952;419.309;-1;2;Autocarro inferiore 35 q.;In marcia / fermata / arresto;Conducente;M;Rimandato;0;NON DECEDUTO;Non accertato;Inesploso
4782587;16;31/01/2020 15:45;Strada Urbana;VIA OTTAVIO GASPARRI;in corrispondenza;;del palo luce n.;16;;Tamponamento;Rettilineo;Due carreggiate;Asciutto;Asfaltata;Assente;Nuvoloso;Normale;Buona;Ore Diurne;0;0;0;2;124.419;418.782;-1;1;Autovettura privata;In marcia / fermata / arresto;Conducente;M;Illeso;0;;Non accertato;Inesploso
4782587;16;31/01/2020 15:45;Strada Urbana;VIA OTTAVIO GASPARRI;in corrispondenza;;del palo luce n.;16;;Tamponamento;Rettilineo;Due carreggiate;Asciutto;Asfaltata;Assente;Nuvoloso;Normale;Buona;Ore Diurne;0;0;0;2;124.419;418.782;-1;2;Autovettura privata;In marcia / fermata / arresto;Conducente;F;Illeso;0;;Non accertato;Inesploso
4782882;12;31/01/2020 18:15;Strada Urbana;VIA FRANCESCO SAPORI;in prossimità;;del civico n.;17;;Investimento di pedone;Rettilineo;Una carreggiata a senso unico di marcia;Asciutto;Asfaltata;Verticale ed orizzontale;Sereno;Normale;Buona;Sufficiente;1;0;0;1;12.485;418.118;-1;;;;Pedone;M;Rimandato;0;NON DECEDUTO;;
4782882;12;31/01/2020 18:15;Strada Urbana;VIA FRANCESCO SAPORI;in prossimità;;del civico n.;17;;Investimento di pedone;Rettilineo;Una carreggiata a senso unico di marcia;Asciutto;Asfaltata;Verticale ed orizzontale;Sereno;Normale;Buona;Sufficiente;1;0;0;1;12.485;418.118;-1;1;Autovettura privata;In marcia / fermata / arresto;Conducente;F;Illeso;0;;Non accertato;Inesploso
4782914;12;31/01/2020 16:15;Strada Urbana;VIALE DEI CADUTI NELLA GUERRA DI LIBERAZIONE;da specificare;;;;ALTEZZA VIA PONTINA;Tamponamento;Rettilineo;Una carreggiata a senso unico di marcia;Asciutto;Asfaltata;Verticale ed orizzontale;Sereno;Normale;Buona;Ore Diurne;0;0;0;3;124.517;417.924;-1;1;Autocaravan;In marcia / fermata / arresto;Conducente;M;Illeso;0;;;
4782914;12;31/01/2020 16:15;Strada Urbana;VIALE DEI CADUTI NELLA GUERRA DI LIBERAZIONE;da specificare;;;;ALTEZZA VIA PONTINA;Tamponamento;Rettilineo;Una carreggiata a senso unico di marcia;Asciutto;Asfaltata;Verticale ed orizzontale;Sereno;Normale;Buona;Ore Diurne;0;0;0;3;124.517;417.924;-1;1;Autocaravan;In marcia / fermata / arresto;Passeggero;M;Illeso;0;;;
4782914;12;31/01/2020 16:15;Strada Urbana;VIALE DEI CADUTI NELLA GUERRA DI LIBERAZIONE;da specificare;;;;ALTEZZA VIA PONTINA;Tamponamento;Rettilineo;Una carreggiata a senso unico di marcia;Asciutto;Asfaltata;Verticale ed orizzontale;Sereno;Normale;Buona;Ore Diurne;0;0;0;3;124.517;417.924;-1;2;Autovettura privata;In marcia / fermata / arresto;Conducente;M;Illeso;0;;;
4783011;12;30/01/2020 07:20;Strada Urbana;VIA DI VALLERANO;all'intersezione con;VIA ALVARO DEL PORTILLO;VIA ALVARO DEL PORTILLO;;;Scontro frontale/laterale SX fra veicoli in marcia;Rotatoria;Due carreggiate;Asciutto;Asfaltata;Verticale ed orizzontale;Sereno;Normale;Buona;Ore Diurne;0;0;0;2;124.657;417.865;-1;1;Autovettura privata;In marcia / fermata / arresto;Conducente;M;Illeso;0;;;
4783011;12;30/01/2020 07:20;Strada Urbana;VIA DI VALLERANO;all'intersezione con;VIA ALVARO DEL PORTILLO;VIA ALVARO DEL PORTILLO;;;Scontro frontale/laterale SX fra veicoli in marcia;Rotatoria;Due carreggiate;Asciutto;Asfaltata;Verticale ed orizzontale;Sereno;Normale;Buona;Ore Diurne;0;0;0;2;124.657;417.865;-1;2;Autovettura privata;In marcia / fermata / arresto;Conducente;M;Illeso;0;;;
4795849;9;16/01/2020 08:50;Strada Urbana;PIAZZA DEI RE DI ROMA;in prossimità;;del civico n.;44;;Investimento di pedone;Rotatoria;Una carreggiata a senso unico di marcia;Asciutto;Asfaltata;Verticale ed orizzontale;Sereno;Normale;Buona;Ore Diurne;1;0;0;0;125.133;418.822;-1;;;;Pedone;F;Rimandato;0;NON DECEDUTO;;
4795849;9;16/01/2020 08:50;Strada Urbana;PIAZZA DEI RE DI ROMA;in prossimità;;del civico n.;44;;Investimento di pedone;Rotatoria;Una carreggiata a senso unico di marcia;Asciutto;Asfaltata;Verticale ed orizzontale;Sereno;Normale;Buona;Ore Diurne;1;0;0;0;125.133;418.822;-1;1;Motociclo a solo;In marcia / fermata / arresto;;;;;;;
4798292;6;07/01/2020 08:25;Strada Urbana;VIA ALATRI;all'intersezione con;PIAZZA SABAUDIA;PIAZZA SABAUDIA;;;Scontro frontale/laterale DX fra veicoli in marcia;Incrocio;Una carreggiata a senso unico di marcia;Asciutto;Asfaltata;Verticale ed orizzontale;Sereno;Scarso;Buona;Ore Diurne;1;0;0;1;12.558;418.932;-1;1;Motociclo a solo;In marcia / fermata / arresto;Conducente;F;Rimandato;0;NON DECEDUTO;Non accertato;
4798292;6;07/01/2020 08:25;Strada Urbana;VIA ALATRI;all'intersezione con;PIAZZA SABAUDIA;PIAZZA SABAUDIA;;;Scontro frontale/laterale DX fra veicoli in marcia;Incrocio;Una carreggiata a senso unico di marcia;Asciutto;Asfaltata;Verticale ed orizzontale;Sereno;Scarso;Buona;Ore Diurne;1;0;0;1;12.558;418.932;-1;2;Autovettura privata;In marcia / fermata / arresto;Conducente;M;Illeso;0;;Non accertato;Inesploso
4811483;2;20/01/2020 07:20;Strada Urbana;VIA ADUA;da specificare;;;;pros. fr civ. 1;Investimento di pedone;Rettilineo;Una carreggiata a senso unico di marcia;Asciutto;Asfaltata;Verticale;Sereno;Scarso;Buona;Ore Diurne;2;0;0;1;125.245;419.305;-1;;;;Pedone;F;Rimandato;0;NON DECEDUTO;;
4811483;2;20/01/2020 07:20;Strada Urbana;VIA ADUA;da specificare;;;;pros. fr civ. 1;Investimento di pedone;Rettilineo;Una carreggiata a senso unico di marcia;Asciutto;Asfaltata;Verticale;Sereno;Scarso;Buona;Ore Diurne;2;0;0;1;125.245;419.305;-1;;;;Pedone;F;Rifiuta cure immediate;0;NON DECEDUTO;;
4811483;2;20/01/2020 07:20;Strada Urbana;VIA ADUA;da specificare;;;;pros. fr civ. 1;Investimento di pedone;Rettilineo;Una carreggiata a senso unico di marcia;Asciutto;Asfaltata;Verticale;Sereno;Scarso;Buona;Ore Diurne;2;0;0;1;125.245;419.305;-1;1;Autovettura privata;In marcia / fermata / arresto;Conducente;M;Illeso;0;;Non accertato;Inesploso
4919066;17;19/01/2020 16:10;Strada Urbana;VIA NICOLA RICCIOTTI;in corrispondenza;;del civico n.;12;;Veicolo in marcia contro veicolo in sosta;Rettilineo;Una carreggiata a senso unico di marcia;Asciutto;Asfaltata;Verticale ed orizzontale;Nuvoloso;Scarso;Buona;Sufficiente;0;0;0;1;124.647;419.143;-1;1;Autovettura privata;Sosta;;;;;;;
4919066;17;19/01/2020 16:10;Strada Urbana;VIA NICOLA RICCIOTTI;in corrispondenza;;del civico n.;12;;Veicolo in marcia contro veicolo in sosta;Rettilineo;Una carreggiata a senso unico di marcia;Asciutto;Asfaltata;Verticale ed orizzontale;Nuvoloso;Scarso;Buona;Sufficiente;0;0;0;1;124.647;419.143;-1;2;Motociclo a solo;In marcia / fermata / arresto;Conducente;M;Illeso;0;;;